Workbook

Sheet 2027 전학년
A1: 2027학년도 당해년도 전 학년(1, 2, 3학년) 교육과정 편성표
A2: 창원여자고등학교(공립)
A3: 구분 | B3: 교과(군) | C3: 과목 유형 | D3: 과목 | E3: 기본 학점 | F3: 운영 학점 | G3: 1학년 | I3: 2학년 | K3: 3학년 | M3: 개설 여부 | O3: 성적처리 유형
G4: 1학기 | H4: 2학기 | I4: 1학기 | J4: 2학기 | K4: 1학기 | L4: 2학기 | M4: 1학기 | N4: 2학기
A5: 학 교 지 정 과 목 | B5: 국어 | C5: 공통 | D5: 공통국어1 | E5: 4 | F5: =IF(SUM(G5:L5)<>0,SUM(G5:L5),F4) -> 3 | G5: 3 | M5: O | N5: X | O5: 성취도 5단계+석차등급O
C6: 공통 | D6: 공통국어2 | E6: 4 | F6: =IF(SUM(G6:L6)<>0,SUM(G6:L6),F5) -> 3 | H6: 3 | M6: O | N6: X | O6: 성취도 5단계+석차등급O
C7: 일반 | D7: 화법과 언어 | E7: 4 | F7: =SUM(G7:L7) -> 4 | I7: 4 | M7: O | N7: X | O7: 성취도 5단계+석차등급O
C8: 일반 | D8: 문학 | E8: 4 | F8: =SUM(G8:L8) -> 4 | J8: 4 | M8: O | N8: X | O8: 성취도 5단계+석차등급O
C9: 일반 | D9: 독서와 작문 | E9: 4 | F9: 4 | K9: 4 | O9: 성취도 5단계+석차등급O
C10: 진로 | D10: 주제 탐구 독서 | E10: 4 | F10: 4 | L10: 4 | O10: 성취도 5단계+석차등급O
B11: 수학 | C11: 공통 | D11: 공통수학1 | E11: 4 | F11: =IF(SUM(G11:L11)<>0,SUM(G11:L11),#REF!) -> 3 | G11: 3 | M11: O | N11: X | O11: 성취도 5단계+석차등급O
C12: 공통 | D12: 공통수학2 | E12: 4 | F12: =IF(SUM(G12:L12)<>0,SUM(G12:L12),F11) -> 3 | H12: 3 | M12: O | N12: X | O12: 성취도 5단계+석차등급O
C13: 일반 | D13: 대수 | E13: 4 | F13: =SUM(G13:L13) -> 4 | I13: 4 | M13: O | N13: X | O13: 성취도 5단계+석차등급O
C14: 일반 | D14: 미적분Ⅰ | E14: 4 | F14: =SUM(G14:L14) -> 4 | J14: 4 | M14: O | N14: X | O14: 성취도 5단계+석차등급O
C15: 일반 | D15: 확률과 통계 | E15: 4 | F15: 4 | K15: 4 | O15: 성취도 5단계+석차등급O
C16: 융합 | D16: 수학과 문화 | E16: 4 | F16: 4 | L16: 4 | O16: 성취도 5단계+석차등급O
B17: 영어 | C17: 공통 | D17: 공통영어1 | E17: 4 | F17: =IF(SUM(G17:L17)<>0,SUM(G17:L17),#REF!) -> 3 | G17: 3 | M17: O | N17: X | O17: 성취도 5단계+석차등급O
C18: 공통 | D18: 공통영어2 | E18: 4 | F18: =IF(SUM(G18:L18)<>0,SUM(G18:L18),F17) -> 3 | H18: 3 | M18: O | N18: X | O18: 성취도 5단계+석차등급O
C19: 일반 | D19: 영어Ⅰ | E19: 4 | F19: =SUM(G19:L19) -> 4 | I19: 4 | M19: O | N19: X | O19: 성취도 5단계+석차등급O
C20: 일반 | D20: 영어Ⅱ | E20: 4 | F20: =SUM(G20:L20) -> 4 | J20: 4 | M20: O | N20: X | O20: 성취도 5단계+석차등급O
C21: 일반 | D21: 영어 독해와 작문 | E21: 4 | F21: 4 | K21: 4 | O21: 성취도 5단계+석차등급O
C22: 진로 | D22: 심화 영어 독해와 작문 | E22: 4 | F22: 4 | L22: 4 | O22: 성취도 5단계+석차등급O
B23: 사회 | C23: 공통 | D23: 한국사1 | E23: 3 | F23: =IF(SUM(G23:L23)<>0,SUM(G23:L23),#REF!) -> 3 | G23: 3 | M23: O | N23: X | O23: 성취도 5단계+석차등급O
C24: 공통 | D24: 한국사2 | E24: 3 | F24: =IF(SUM(G24:L24)<>0,SUM(G24:L24),F23) -> 3 | H24: 3 | M24: O | N24: X | O24: 성취도 5단계+석차등급O
C25: 공통 | D25: 통합사회1 | E25: 4 | F25: =IF(SUM(G25:L25)<>0,SUM(G25:L25),F24) -> 4 | G25: 4 | M25: O | N25: X | O25: 성취도 5단계+석차등급O
C26: 공통 | D26: 통합사회2 | E26: 4 | F26: =IF(SUM(G26:L26)<>0,SUM(G26:L26),F25) -> 4 | H26: 4 | M26: O | N26: X | O26: 성취도 5단계+석차등급O
B27: 과학 | C27: 공통 | D27: 통합과학1 | E27: 4 | F27: =IF(SUM(G27:L27)<>0,SUM(G27:L27),F26) -> 4 | G27: 4 | M27: O | N27: X | O27: 성취도 5단계+석차등급O
C28: 공통 | D28: 통합과학2 | E28: 4 | F28: =IF(SUM(G28:L28)<>0,SUM(G28:L28),F27) -> 4 | H28: 4 | M28: O | N28: X | O28: 성취도 5단계+석차등급O
C29: 공통 | D29: 과학탐구실험1 | E29: 1 | F29: =IF(SUM(G29:L29)<>0,SUM(G29:L29),F28) -> 1 | G29: 1 | M29: O | N29: X | O29: 성취도 3단계
C30: 공통 | D30: 과학탐구실험2 | E30: 1 | F30: =IF(SUM(G30:L30)<>0,SUM(G30:L30),F29) -> 1 | H30: 1 | M30: O | N30: X | O30: 성취도 3단계
B31: 체육 | C31: 일반 | D31: 체육1 | E31: 3 | F31: =IF(SUM(G31:L31)<>0,SUM(G31:L31),F30) -> 2 | G31: 2 | M31: O | N31: X | O31: 성취도 3단계
C32: 일반 | D32: 체육2 | E32: 3 | F32: =IF(SUM(G32:L32)<>0,SUM(G32:L32),F31) -> 2 | H32: 2 | M32: O | N32: X | O32: 성취도 3단계
C33: 융합 | D33: 스포츠 생활1 | E33: 3 | F33: =SUM(G33:L33) -> 2 | I33: 2 | M33: O | N33: X | O33: 성취도 3단계
C34: 융합 | D34: 스포츠 생활2 | E34: 3 | F34: =SUM(G34:L34) -> 2 | J34: 2 | M34: O | N34: X | O34: 성취도 3단계
C35: 진로 | D35: 스포츠 문화 | E35: 2 | F35: 1 | K35: 1 | O35: 성취도 3단계
C36: 진로 | D36: 스포츠 과학 | E36: 2 | F36: 1 | L36: 1 | M36: O | N36: X | O36: 성취도 3단계
B37: 예술 | C37: 일반 | D37: 음악↔미술 | E37: 3 | F37: 3 | G37: 3 | H37: 3 | M37: O | N37: X | O37: 성취도 3단계
C38: 일반 | E38: 3 | F38: 3 | M38: O | N38: X | O38: 성취도 3단계
C39: 진로 | D39: 음악 연주와 창작↔미술 창작 | E39: 3 | F39: 2 | K39: 2 | L39: 2 | O39: 성취도 3단계
C40: 진로 | E40: 3 | F40: 2 | M40: O | N40: X | O40: 성취도 3단계
B41: 정보 | C41: 일반 | D41: 정보 | E41: 4 | F41: =IF(SUM(G41:L41)<>0,SUM(G41:L41),F40) -> 3 | G41: 3 | M41: O | N41: X | O41: 성취도 5단계+석차등급O
C42: 진로 | D42: 인공지능 기초 | E42: 4 | F42: =IF(SUM(G42:L42)<>0,SUM(G42:L42),F41) -> 3 | H42: 3 | M42: O | N42: X | O42: 성취도 5단계+석차등급O
A43: 학교 지정 과목 교과 편성 학점 | G43: =SUM(G5:G42) -> 29 | H43: =SUM(H5:H42) -> 29 | I43: =SUM(I5:I42) -> 14 | J43: =SUM(J5:J42) -> 14 | K43: =SUM(K5:K42) -> 15 | L43: =SUM(L5:L42) -> 15
A44: 선택군A | B44: 사회 | C44: 일반 | D44: 사회와 문화 | E44: 4 | F44: =IF(SUM(G44:L44)<>0,SUM(G44:L44),F43) -> 3 | I44: 3 | M44: O | N44: X | O44: 성취도 5단계+석차등급O
C45: 일반 | D45: 세계사 | E45: 4 | F45: =IF(SUM(G45:L45)<>0,SUM(G45:L45),F44) -> 3 | I45: 3 | M45: O | N45: X | O45: 성취도 5단계+석차등급O
C46: 일반 | D46: 세계시민과 지리 | E46: 4 | F46: =IF(SUM(G46:L46)<>0,SUM(G46:L46),F45) -> 3 | I46: 3 | M46: O | N46: X | O46: 성취도 5단계+석차등급O
C47: 일반 | D47: 현대사회와 윤리 | E47: 4 | F47: =IF(SUM(G47:L47)<>0,SUM(G47:L47),F46) -> 3 | I47: 3 | M47: O | N47: X | O47: 성취도 5단계+석차등급O
C48: 진로 | D48: 경제 | E48: 4 | F48: =IF(SUM(G48:L48)<>0,SUM(G48:L48),F47) -> 3 | M48: X | N48: X | O48: 성취도 5단계+석차등급O
B49: 과학 | C49: 일반 | D49: 물리학 | E49: 4 | F49: =IF(SUM(G49:L49)<>0,SUM(G49:L49),F48) -> 3 | M49: O | N49: X | O49: 성취도 5단계+석차등급O
C50: 일반 | D50: 화학 | E50: 4 | F50: =IF(SUM(G50:L50)<>0,SUM(G50:L50),F49) -> 3 | M50: O | N50: X | O50: 성취도 5단계+석차등급O
C51: 일반 | D51: 생명과학 | E51: 4 | F51: =IF(SUM(G51:L51)<>0,SUM(G51:L51),F50) -> 3 | M51: O | N51: X | O51: 성취도 5단계+석차등급O
C52: 일반 | D52: 지구과학 | E52: 4 | F52: =IF(SUM(G52:L52)<>0,SUM(G52:L52),F51) -> 3 | M52: O | N52: X | O52: 성취도 5단계+석차등급O
A53: 선택군B | B53: 수학 | C53: 진로 | D53: 기하 | E53: 4 | F53: =IF(SUM(G53:L53)<>0,SUM(G53:L53),F52) -> 3 | J53: 3 | M53: X | N53: O | O53: 성취도 5단계+석차등급O
B54: 사회 | C54: 진로 | D54: 법과 사회 | E54: 4 | F54: =IF(SUM(G54:L54)<>0,SUM(G54:L54),F53) -> 3 | J54: 3 | M54: X | N54: O | O54: 성취도 5단계+석차등급O
C55: 진로 | D55: 한국지리 탐구 | E55: 4 | F55: =IF(SUM(G55:L55)<>0,SUM(G55:L55),F54) -> 3 | J55: 3 | M55: X | N55: O | O55: 성취도 5단계+석차등급O
C56: 진로 | D56: 윤리와 사상 | E56: 4 | F56: =IF(SUM(G56:L56)<>0,SUM(G56:L56),F55) -> 3 | J56: 3 | M56: X | N56: O | O56: 성취도 5단계+석차등급O
C57: 진로 | D57: 동아시아 역사 기행 | E57: 4 | F57: =IF(SUM(G57:L57)<>0,SUM(G57:L57),F56) -> 3 | M57: X | N57: O | O57: 성취도 5단계+석차등급O
B58: 과학 | C58: 진로 | D58: 과학과제 연구 | E58: 4 | F58: =IF(SUM(G58:L58)<>0,SUM(G58:L58),F57) -> 3 | M58: X | N58: O | O58: 성취도 5단계+석차등급O
C59: 진로 | D59: 전자기와 양자 | E59: 4 | F59: =IF(SUM(G59:L59)<>0,SUM(G59:L59),F58) -> 3 | M59: X | N59: O | O59: 성취도 5단계+석차등급O
C60: 진로 | D60: 물질과 에너지 | E60: 4 | F60: =IF(SUM(G60:L60)<>0,SUM(G60:L60),F59) -> 3 | M60: X | N60: O | O60: 성취도 5단계+석차등급O
C61: 진로 | D61: 세포와 물질대사 | E61: 4 | F61: =IF(SUM(G61:L61)<>0,SUM(G61:L61),F60) -> 3 | M61: X | N61: O | O61: 성취도 5단계+석차등급O
C62: 진로 | D62: 행성우주과학 | E62: 4 | F62: =IF(SUM(G62:L62)<>0,SUM(G62:L62),F61) -> 3 | M62: X | N62: X | O62: 성취도 5단계+석차등급O
A63: 선택군C | B63: 제2외국어 | C63: 일반 | D63: 일본어 | E63: 4 | F63: =IF(SUM(G63:L63)<>0,SUM(G63:L63),F62) -> 3 | I63: 3 | M63: O | N63: X | O63: 성취도 5단계+석차등급O
C64: 일반 | D64: 중국어 | E64: 4 | F64: =IF(SUM(G64:L64)<>0,SUM(G64:L64),F63) -> 3 | M64: O | N64: X | O64: 성취도 5단계+석차등급O
A65: 선택군D | B65: 제2외국어 | C65: 진로 | D65: 일본어 회화 | E65: 4 | F65: =IF(SUM(G65:L65)<>0,SUM(G65:L65),F64) -> 3 | J65: 3 | M65: X | N65: O | O65: 성취도 5단계+석차등급O
C66: 진로 | D66: 중국어 회화 | E66: 4 | F66: =IF(SUM(G66:L66)<>0,SUM(G66:L66),F65) -> 3 | M66: X | N66: O | O66: 성취도 5단계+석차등급O
A67: 선택군a | B67: 국어 | C67: 진로 | D67: 문학과 영상 | E67: 4 | F67: =IF(SUM(G67:L67)<>0,SUM(G67:L67),F66) -> 3 | K67: 3 | M67: O | N67: X | O67: 성취도 5단계+석차등급O
B68: 수학 | C68: 진로 | D68: 미적분Ⅱ | E68: 4 | F68: =IF(SUM(G68:L68)<>0,SUM(G68:L68),F67) -> 3 | K68: 3 | M68: O | N68: X | O68: 성취도 5단계+석차등급O
C69: 진로 | D69: 경제 수학 | E69: 4 | F69: =IF(SUM(G69:L69)<>0,SUM(G69:L69),F68) -> 3 | K69: 3 | M69: O | N69: X | O69: 성취도 5단계+석차등급O
B70: 영어 | C70: 융합 | D70: 세계 문화와 영어 | E70: 4 | F70: =IF(SUM(G70:L70)<>0,SUM(G70:L70),F69) -> 3 | K70: 3 | M70: O | N70: X | O70: 성취도 5단계+석차등급O
B71: 사회 | C71: 진로 | D71: 정치 | E71: 4 | F71: =IF(SUM(G71:L71)<>0,SUM(G71:L71),F70) -> 3 | M71: X | N71: X | O71: 성취도 5단계+석차등급O
C72: 진로 | D72: 국제 관계의 이해 | E72: 4 | F72: =IF(SUM(G72:L72)<>0,SUM(G72:L72),F71) -> 3 | M72: O | N72: X | O72: 성취도 5단계+석차등급O
C73: 진로 | D73: 도시의 미래 탐구 | E73: 4 | F73: =IF(SUM(G73:L73)<>0,SUM(G73:L73),F72) -> 3 | M73: O | N73: X | O73: 성취도 5단계+석차등급O
C74: 진로 | D74: 인문학과 윤리 | E74: 4 | F74: =IF(SUM(G74:L74)<>0,SUM(G74:L74),F73) -> 3 | M74: O | N74: X | O74: 성취도 5단계+석차등급O
C75: 융합 | D75: 역사로 탐구하는 현대 세계 | E75: 4 | F75: =IF(SUM(G75:L75)<>0,SUM(G75:L75),F74) -> 3 | M75: O | N75: X | O75: 성취도 5단계+석차등급X
B76: 과학 | C76: 진로 | D76: 역학과 에너지 | E76: 4 | F76: =IF(SUM(G76:L76)<>0,SUM(G76:L76),F75) -> 3 | M76: X | N76: O | O76: 성취도 5단계+석차등급O
C77: 진로 | D77: 화학 반응의 세계 | E77: 4 | F77: =IF(SUM(G77:L77)<>0,SUM(G77:L77),F76) -> 3 | M77: X | N77: O | O77: 성취도 5단계+석차등급O
C78: 진로 | D78: 지구시스템과학 | E78: 4 | F78: =IF(SUM(G78:L78)<>0,SUM(G78:L78),F77) -> 3 | M78: X | N78: O | O78: 성취도 5단계+석차등급O
C79: 진로 | D79: 생물의 유전 | E79: 4 | F79: =IF(SUM(G79:L79)<>0,SUM(G79:L79),F78) -> 3 | M79: X | N79: O | O79: 성취도 5단계+석차등급O
C80: 진로 | D80: 고급 화학 | E80: 4 | F80: =IF(SUM(G80:L80)<>0,SUM(G80:L80),F79) -> 3 | M80: X | N80: O | O80: 성취도 5단계+석차등급O
C81: 진로 | D81: 고급 생명과학 | E81: 4 | F81: =IF(SUM(G81:L81)<>0,SUM(G81:L81),F80) -> 3 | M81: X | N81: O | O81: 성취도 5단계+석차등급O
B82: 제2외국어 | C82: 융합 | D82: 일본 문화 | E82: 4 | F82: =IF(SUM(G82:L82)<>0,SUM(G82:L82),F81) -> 3 | M82: X | N82: O | O82: 성취도 5단계+석차등급O
C83: 융합 | D83: 중국 문화 | E83: 4 | F83: =IF(SUM(G83:L83)<>0,SUM(G83:L83),F82) -> 3 | M83: X | N83: O | O83: 성취도 5단계+석차등급O
A84: 선택군b | B84: 국어 | C84: 융합 | D84: 독서 토론과 글쓰기 | E84: 4 | F84: =IF(SUM(G84:L84)<>0,SUM(G84:L84),F83) -> 3 | L84: 3 | M84: X | N84: O | O84: 성취도 5단계+석차등급O
B85: 수학 | C85: 융합 | D85: 수학과제 탐구 | E85: 4 | F85: =IF(SUM(G85:L85)<>0,SUM(G85:L85),F84) -> 3 | L85: 3 | M85: X | N85: X | O85: 성취도 5단계+석차등급O
B86: 영어 | C86: 융합 | D86: 미디어 영어 | E86: 4 | F86: =IF(SUM(G86:L86)<>0,SUM(G86:L86),F85) -> 3 | L86: 3 | M86: O | N86: X | O86: 성취도 5단계+석차등급O
B87: 사회 | C87: 융합 | D87: 기후변화와 지속가능한 세계 | E87: 4 | F87: =IF(SUM(G87:L87)<>0,SUM(G87:L87),F86) -> 3 | L87: 3 | M87: O | N87: X | O87: 성취도 5단계+석차등급X
C88: 융합 | D88: 금융과 경제생활 | E88: 4 | F88: =IF(SUM(G88:L88)<>0,SUM(G88:L88),F87) -> 3 | M88: X | N88: O | O88: 성취도 5단계+석차등급X
C89: 융합 | D89: 사회문제 탐구 | E89: 4 | F89: =IF(SUM(G89:L89)<>0,SUM(G89:L89),F88) -> 3 | M89: X | N89: O | O89: 성취도 5단계+석차등급X
C90: 융합 | D90: 여행지리 | E90: 4 | F90: =IF(SUM(G90:L90)<>0,SUM(G90:L90),F89) -> 3 | M90: X | N90: O | O90: 성취도 5단계+석차등급X
C91: 융합 | D91: 윤리문제 탐구 | E91: 4 | F91: 4 | M91: X | N91: O | O91: 성취도 5단계+석차등급X
B92: 과학 | C92: 진로 | D92: 역학과 에너지 | E92: 4 | F92: =IF(SUM(G92:L92)<>0,SUM(G92:L92),F91) -> 4 | M92: X | N92: O | O92: 성취도 5단계+석차등급O
C93: 진로 | D93: 화학 반응의 세계 | E93: 4 | F93: =IF(SUM(G93:L93)<>0,SUM(G93:L93),F92) -> 4 | M93: X | N93: O | O93: 성취도 5단계+석차등급O
C94: 진로 | D94: 지구시스템과학 | E94: 4 | F94: =IF(SUM(G94:L94)<>0,SUM(G94:L94),F93) -> 4 | M94: X | N94: O | O94: 성취도 5단계+석차등급O
C95: 진로 | D95: 생물의 유전 | E95: 4 | F95: =IF(SUM(G95:L95)<>0,SUM(G95:L95),F94) -> 4 | M95: X | N95: O | O95: 성취도 5단계+석차등급X
C96: 융합 | D96: 기후변화와 환경생태 | E96: 4 | F96: =IF(SUM(G96:L96)<>0,SUM(G96:L96),F95) -> 4 | M96: X | N96: O | O96: 성취도 5단계+석차등급X
C97: 융합 | D97: 융합과학 탐구 | E97: 4 | F97: =IF(SUM(G97:L97)<>0,SUM(G97:L97),F96) -> 4 | M97: X | N97: O | O97: 성취도 5단계+석차등급X
B98: 제2외국어 | C98: 진로 | D98: 심화 일본어 | E98: 4 | F98: =IF(SUM(G98:L98)<>0,SUM(G98:L98),F97) -> 4 | M98: X | N98: O | O98: 성취도 5단계+석차등급O
C99: 진로 | D99: 심화 중국어 | E99: 4 | F99: =IF(SUM(G99:L99)<>0,SUM(G99:L99),F98) -> 4 | M99: X | N99: O | O99: 성취도 5단계+석차등급O
A100: 선택군c | B100: 교양 | C100: 일반 | D100: 생태와 환경 | E100: 3 | F100: 2 | K100: 2 | L100: 2 | M100: X | N100: O | O100: 이수/미이수
...

Sheet 2027 입학생 3개년(1학년)
A1: 2027학년도 입학생 3개년 교육과정 편성표(1학년)
A2: 창원여자고등학교(공립)
A3: 구분 | B3: 교과(군) | C3: 과목 유형 | D3: 과목 | E3: 기본 학점 | F3: 운영 학점 | G3: 1학년 | I3: 2학년 | K3: 3학년 | M3: 편성학점 합 | O3: 성적처리 유형
G4: 1학기 | H4: 2학기 | I4: 1학기 | J4: 2학기 | K4: 1학기 | L4: 2학기 | M4: 교과(군) | N4: 선택군
A5: 학 교 지 정 과 목 | B5: 국어 | C5: =VLOOKUP(D5,[1]숨김!$B$3:$E$300,2,0) -> 공통 | D5: 공통국어1 | E5: =VLOOKUP(D5,[1]숨김!$B$3:$E$300,3,0) -> 4 | F5: =SUM(G5:L5) -> 3 | G5: 3 | M5: =SUM(G5:L10) -> 22 | N5: =SUM(M5,M11,M17) -> 66 | O5: =VLOOKUP(D5,[1]숨김!$B$3:$E$300,4,0) -> 성취도 5단계+석차등급O
C6: =VLOOKUP(D6,[1]숨김!$B$3:$E$300,2,0) -> 공통 | D6: 공통국어2 | E6: =VLOOKUP(D6,[1]숨김!$B$3:$E$300,3,0) -> 4 | F6: =SUM(G6:L6) -> 3 | H6: 3 | O6: =VLOOKUP(D6,[1]숨김!$B$3:$E$300,4,0) -> 성취도 5단계+석차등급O
C7: =VLOOKUP(D7,[1]숨김!$B$3:$E$300,2,0) -> 일반 | D7: 화법과 언어 | E7: =VLOOKUP(D7,[1]숨김!$B$3:$E$300,3,0) -> 4 | F7: =SUM(G7:L7) -> 4 | I7: 4 | O7: =VLOOKUP(D7,[1]숨김!$B$3:$E$300,4,0) -> 성취도 5단계+석차등급O
C8: =VLOOKUP(D8,[1]숨김!$B$3:$E$300,2,0) -> 일반 | D8: 문학 | E8: =VLOOKUP(D8,[1]숨김!$B$3:$E$300,3,0) -> 4 | F8: =SUM(G8:L8) -> 4 | J8: 4 | O8: =VLOOKUP(D8,[1]숨김!$B$3:$E$300,4,0) -> 성취도 5단계+석차등급O
C9: =VLOOKUP(D9,[1]숨김!$B$3:$E$300,2,0) -> 일반 | D9: 독서와 작문 | E9: =VLOOKUP(D9,[1]숨김!$B$3:$E$300,3,0) -> 4 | F9: =SUM(G9:L9) -> 4 | K9: 4 | O9: =VLOOKUP(D9,[1]숨김!$B$3:$E$300,4,0) -> 성취도 5단계+석차등급O
C10: =VLOOKUP(D10,[1]숨김!$B$3:$E$300,2,0) -> 진로 | D10: 주제 탐구 독서 | E10: =VLOOKUP(D10,[1]숨김!$B$3:$E$300,3,0) -> 4 | F10: =SUM(G10:L10) -> 4 | L10: 4 | O10: =VLOOKUP(D10,[1]숨김!$B$3:$E$300,4,0) -> 성취도 5단계+석차등급O
B11: 수학 | C11: =VLOOKUP(D11,[1]숨김!$B$3:$E$300,2,0) -> 공통 | D11: 공통수학1 | E11: =VLOOKUP(D11,[1]숨김!$B$3:$E$300,3,0) -> 4 | F11: =SUM(G11:L11) -> 3 | G11: 3 | M11: =SUM(G11:L16) -> 22 | O11: =VLOOKUP(D11,[1]숨김!$B$3:$E$300,4,0) -> 성취도 5단계+석차등급O
C12: =VLOOKUP(D12,[1]숨김!$B$3:$E$300,2,0) -> 공통 | D12: 공통수학2 | E12: =VLOOKUP(D12,[1]숨김!$B$3:$E$300,3,0) -> 4 | F12: =SUM(G12:L12) -> 3 | H12: 3 | O12: =VLOOKUP(D12,[1]숨김!$B$3:$E$300,4,0) -> 성취도 5단계+석차등급O
C13: =VLOOKUP(D13,[1]숨김!$B$3:$E$300,2,0) -> 일반 | D13: 대수 | E13: =VLOOKUP(D13,[1]숨김!$B$3:$E$300,3,0) -> 4 | F13: =SUM(G13:L13) -> 4 | I13: 4 | O13: =VLOOKUP(D13,[1]숨김!$B$3:$E$300,4,0) -> 성취도 5단계+석차등급O
C14: =VLOOKUP(D14,[1]숨김!$B$3:$E$300,2,0) -> 일반 | D14: 미적분Ⅰ | E14: =VLOOKUP(D14,[1]숨김!$B$3:$E$300,3,0) -> 4 | F14: =SUM(G14:L14) -> 4 | J14: 4 | O14: =VLOOKUP(D14,[1]숨김!$B$3:$E$300,4,0) -> 성취도 5단계+석차등급O
C15: =VLOOKUP(D15,[1]숨김!$B$3:$E$300,2,0) -> 일반 | D15: 확률과 통계 | E15: =VLOOKUP(D15,[1]숨김!$B$3:$E$300,3,0) -> 4 | F15: =SUM(G15:L15) -> 4 | K15: 4 | O15: =VLOOKUP(D15,[1]숨김!$B$3:$E$300,4,0) -> 성취도 5단계+석차등급O
C16: =VLOOKUP(D16,[1]숨김!$B$3:$E$300,2,0) -> 융합 | D16: 수학과 문화 | E16: =VLOOKUP(D16,[1]숨김!$B$3:$E$300,3,0) -> 4 | F16: =SUM(G16:L16) -> 4 | L16: 4 | O16: =VLOOKUP(D16,[1]숨김!$B$3:$E$300,4,0) -> 성취도 5단계+석차등급O
B17: 영어 | C17: =VLOOKUP(D17,[1]숨김!$B$3:$E$300,2,0) -> 공통 | D17: 공통영어1 | E17: =VLOOKUP(D17,[1]숨김!$B$3:$E$300,3,0) -> 4 | F17: =SUM(G17:L17) -> 3 | G17: 3 | M17: =SUM(G17:L22) -> 22 | O17: =VLOOKUP(D17,[1]숨김!$B$3:$E$300,4,0) -> 성취도 5단계+석차등급O
C18: =VLOOKUP(D18,[1]숨김!$B$3:$E$300,2,0) -> 공통 | D18: 공통영어2 | E18: =VLOOKUP(D18,[1]숨김!$B$3:$E$300,3,0) -> 4 | F18: =SUM(G18:L18) -> 3 | H18: 3 | O18: =VLOOKUP(D18,[1]숨김!$B$3:$E$300,4,0) -> 성취도 5단계+석차등급O
C19: =VLOOKUP(D19,[1]숨김!$B$3:$E$300,2,0) -> 일반 | D19: 영어Ⅰ | E19: =VLOOKUP(D19,[1]숨김!$B$3:$E$300,3,0) -> 4 | F19: =SUM(G19:L19) -> 4 | I19: 4 | O19: =VLOOKUP(D19,[1]숨김!$B$3:$E$300,4,0) -> 성취도 5단계+석차등급O
C20: =VLOOKUP(D20,[1]숨김!$B$3:$E$300,2,0) -> 일반 | D20: 영어Ⅱ | E20: =VLOOKUP(D20,[1]숨김!$B$3:$E$300,3,0) -> 4 | F20: =SUM(G20:L20) -> 4 | J20: 4 | O20: =VLOOKUP(D20,[1]숨김!$B$3:$E$300,4,0) -> 성취도 5단계+석차등급O
C21: =VLOOKUP(D21,[1]숨김!$B$3:$E$300,2,0) -> 일반 | D21: 영어 독해와 작문 | E21: =VLOOKUP(D21,[1]숨김!$B$3:$E$300,3,0) -> 4 | F21: =SUM(G21:L21) -> 4 | K21: 4 | O21: =VLOOKUP(D21,[1]숨김!$B$3:$E$300,4,0) -> 성취도 5단계+석차등급O
C22: =VLOOKUP(D22,[1]숨김!$B$3:$E$300,2,0) -> 진로 | D22: 심화 영어 독해와 작문 | E22: =VLOOKUP(D22,[1]숨김!$B$3:$E$300,3,0) -> 4 | F22: =SUM(G22:L22) -> 4 | L22: 4 | O22: =VLOOKUP(D22,[1]숨김!$B$3:$E$300,4,0) -> 성취도 5단계+석차등급O
B23: 사회 | C23: =VLOOKUP(D23,[1]숨김!$B$3:$E$300,2,0) -> 공통 | D23: 한국사1 | E23: =VLOOKUP(D23,[1]숨김!$B$3:$E$300,3,0) -> 3 | F23: =SUM(G23:L23) -> 3 | G23: 3 | M23: =SUM(G23:L24) -> 6 | O23: =VLOOKUP(D23,[1]숨김!$B$3:$E$300,4,0) -> 성취도 5단계+석차등급O
C24: =VLOOKUP(D24,[1]숨김!$B$3:$E$300,2,0) -> 공통 | D24: 한국사2 | E24: =VLOOKUP(D24,[1]숨김!$B$3:$E$300,3,0) -> 3 | F24: =SUM(G24:L24) -> 3 | H24: 3 | O24: =VLOOKUP(D24,[1]숨김!$B$3:$E$300,4,0) -> 성취도 5단계+석차등급O
C25: =VLOOKUP(D25,[1]숨김!$B$3:$E$300,2,0) -> 공통 | D25: 통합사회1 | E25: =VLOOKUP(D25,[1]숨김!$B$3:$E$300,3,0) -> 4 | F25: =SUM(G25:L25) -> 4 | G25: 4 | M25: =SUM(G25:L26) -> 8 | O25: =VLOOKUP(D25,[1]숨김!$B$3:$E$300,4,0) -> 성취도 5단계+석차등급O
C26: =VLOOKUP(D26,[1]숨김!$B$3:$E$300,2,0) -> 공통 | D26: 통합사회2 | E26: =VLOOKUP(D26,[1]숨김!$B$3:$E$300,3,0) -> 4 | F26: =SUM(G26:L26) -> 4 | H26: 4 | O26: =VLOOKUP(D26,[1]숨김!$B$3:$E$300,4,0) -> 성취도 5단계+석차등급O
B27: 과학 | C27: =VLOOKUP(D27,[1]숨김!$B$3:$E$300,2,0) -> 공통 | D27: 통합과학1 | E27: =VLOOKUP(D27,[1]숨김!$B$3:$E$300,3,0) -> 4 | F27: =SUM(G27:L27) -> 4 | G27: 4 | M27: =SUM(G27:L30) -> 10 | O27: =VLOOKUP(D27,[1]숨김!$B$3:$E$300,4,0) -> 성취도 5단계+석차등급O
C28: =VLOOKUP(D28,[1]숨김!$B$3:$E$300,2,0) -> 공통 | D28: 통합과학2 | E28: =VLOOKUP(D28,[1]숨김!$B$3:$E$300,3,0) -> 4 | F28: =SUM(G28:L28) -> 4 | H28: 4 | O28: =VLOOKUP(D28,[1]숨김!$B$3:$E$300,4,0) -> 성취도 5단계+석차등급O
C29: =VLOOKUP(D29,[1]숨김!$B$3:$E$300,2,0) -> 공통 | D29: 과학탐구실험1 | E29: =VLOOKUP(D29,[1]숨김!$B$3:$E$300,3,0) -> 1 | F29: =SUM(G29:L29) -> 1 | G29: 1 | O29: =VLOOKUP(D29,[1]숨김!$B$3:$E$300,4,0) -> 성취도 3단계
C30: =VLOOKUP(D30,[1]숨김!$B$3:$E$300,2,0) -> 공통 | D30: 과학탐구실험2 | E30: =VLOOKUP(D30,[1]숨김!$B$3:$E$300,3,0) -> 1 | F30: =SUM(G30:L30) -> 1 | H30: 1 | O30: =VLOOKUP(D30,[1]숨김!$B$3:$E$300,4,0) -> 성취도 3단계
B31: 체육 | C31: =VLOOKUP(D31,[1]숨김!$B$3:$E$300,2,0) -> 일반 | D31: 체육1 | E31: =VLOOKUP(D31,[1]숨김!$B$3:$E$300,3,0) -> 3 | F31: =SUM(G31:L31) -> 2 | G31: 2 | M31: =SUM(G31:L36) -> 10 | O31: =VLOOKUP(D31,[1]숨김!$B$3:$E$300,4,0) -> 성취도 3단계
C32: =VLOOKUP(D32,[1]숨김!$B$3:$E$300,2,0) -> 일반 | D32: 체육2 | E32: =VLOOKUP(D32,[1]숨김!$B$3:$E$300,3,0) -> 3 | F32: =SUM(G32:L32) -> 2 | H32: 2 | O32: =VLOOKUP(D32,[1]숨김!$B$3:$E$300,4,0) -> 성취도 3단계
C33: =VLOOKUP(D33,[1]숨김!$B$3:$E$300,2,0) -> 융합 | D33: 스포츠 생활1 | E33: =VLOOKUP(D33,[1]숨김!$B$3:$E$300,3,0) -> 3 | F33: =SUM(G33:L33) -> 2 | I33: 2 | O33: =VLOOKUP(D33,[1]숨김!$B$3:$E$300,4,0) -> 성취도 3단계
C34: =VLOOKUP(D34,[1]숨김!$B$3:$E$300,2,0) -> 융합 | D34: 스포츠 생활2 | E34: =VLOOKUP(D34,[1]숨김!$B$3:$E$300,3,0) -> 3 | F34: =SUM(G34:L34) -> 2 | J34: 2 | O34: =VLOOKUP(D34,[1]숨김!$B$3:$E$300,4,0) -> 성취도 3단계
C35: =VLOOKUP(D35,[1]숨김!$B$3:$E$300,2,0) -> 진로 | D35: 스포츠 문화 | E35: =VLOOKUP(D35,[1]숨김!$B$3:$E$300,3,0) -> 2 | F35: =SUM(G35:L35) -> 1 | K35: 1 | O35: =VLOOKUP(D35,[1]숨김!$B$3:$E$300,4,0) -> 성취도 3단계
C36: =VLOOKUP(D36,[1]숨김!$B$3:$E$300,2,0) -> 진로 | D36: 스포츠 과학 | E36: =VLOOKUP(D36,[1]숨김!$B$3:$E$300,3,0) -> 2 | F36: =SUM(G36:L36) -> 1 | L36: 1 | O36: =VLOOKUP(D36,[1]숨김!$B$3:$E$300,4,0) -> 성취도 3단계
B37: 예술 | C37: 일반 | D37: 음악↔미술 | E37: 3 | F37: 3 | G37: 3 | H37: 3 | M37: =SUM(G37:L38) -> 6 | O37: 성취도 3단계
C38: 일반 | E38: 3 | F38: 3 | O38: 성취도 3단계
B39: 정보 | C39: =VLOOKUP(D39,[1]숨김!$B$3:$E$300,2,0) -> 일반 | D39: 정보 | E39: =VLOOKUP(D39,[1]숨김!$B$3:$E$300,3,0) -> 4 | F39: =SUM(G39:L39) -> 3 | G39: 3 | M39: =SUM(G39:L40) -> 6 | O39: =VLOOKUP(D39,[1]숨김!$B$3:$E$300,4,0) -> 성취도 5단계+석차등급O
C40: =VLOOKUP(D40,[1]숨김!$B$3:$E$300,2,0) -> 진로 | D40: 인공지능 기초 | E40: =VLOOKUP(D40,[1]숨김!$B$3:$E$300,3,0) -> 4 | F40: =SUM(G40:L40) -> 3 | H40: 3 | O40: =VLOOKUP(D40,[1]숨김!$B$3:$E$300,4,0) -> 성취도 5단계+석차등급O
A41: 학교 지정 과목 교과 편성 학점 | G41: =SUM(G5:G40) -> 29 | H41: =SUM(H5:H40) -> 29 | I41: =SUM(I5:I40) -> 14 | J41: =SUM(J5:J40) -> 14 | K41: =SUM(K5:K40) -> 13 | L41: =SUM(L5:L40) -> 13 | M41: =SUM(G41:L41) -> 112
A42: 선택군A | B42: 수학 | C42: =VLOOKUP(D42,[1]숨김!$B$3:$E$300,2,0) -> 진로 | D42: 인공지능 수학 | E42: =VLOOKUP(D42,[1]숨김!$B$3:$E$300,3,0) -> 4 | F42: 3 | I42: 3 | M42: =SUM(G42:L51) -> 12 | O42: =VLOOKUP(D42,[1]숨김!$B$3:$E$300,4,0) -> 성취도 5단계+석차등급O
B43: 사회 | C43: =VLOOKUP(D43,[1]숨김!$B$3:$E$300,2,0) -> 일반 | D43: 사회와 문화 | E43: =VLOOKUP(D43,[1]숨김!$B$3:$E$300,3,0) -> 4 | F43: 3 | I43: 3 | O43: =VLOOKUP(D43,[1]숨김!$B$3:$E$300,4,0) -> 성취도 5단계+석차등급O
C44: =VLOOKUP(D44,[1]숨김!$B$3:$E$300,2,0) -> 일반 | D44: 세계사 | E44: =VLOOKUP(D44,[1]숨김!$B$3:$E$300,3,0) -> 4 | F44: 3 | I44: 3 | O44: =VLOOKUP(D44,[1]숨김!$B$3:$E$300,4,0) -> 성취도 5단계+석차등급O
C45: =VLOOKUP(D45,[1]숨김!$B$3:$E$300,2,0) -> 일반 | D45: 세계시민과 지리 | E45: =VLOOKUP(D45,[1]숨김!$B$3:$E$300,3,0) -> 4 | F45: 3 | I45: 3 | O45: =VLOOKUP(D45,[1]숨김!$B$3:$E$300,4,0) -> 성취도 5단계+석차등급O
C46: =VLOOKUP(D46,[1]숨김!$B$3:$E$300,2,0) -> 일반 | D46: 현대사회와 윤리 | E46: =VLOOKUP(D46,[1]숨김!$B$3:$E$300,3,0) -> 4 | F46: 3 | O46: =VLOOKUP(D46,[1]숨김!$B$3:$E$300,4,0) -> 성취도 5단계+석차등급O
C47: =VLOOKUP(D47,[1]숨김!$B$3:$E$300,2,0) -> 진로 | D47: 경제 | E47: =VLOOKUP(D47,[1]숨김!$B$3:$E$300,3,0) -> 4 | F47: 3 | O47: =VLOOKUP(D47,[1]숨김!$B$3:$E$300,4,0) -> 성취도 5단계+석차등급O
B48: 과학 | C48: =VLOOKUP(D48,[1]숨김!$B$3:$E$300,2,0) -> 일반 | D48: 물리학 | E48: =VLOOKUP(D48,[1]숨김!$B$3:$E$300,3,0) -> 4 | F48: 3 | O48: =VLOOKUP(D48,[1]숨김!$B$3:$E$300,4,0) -> 성취도 5단계+석차등급O
C49: =VLOOKUP(D49,[1]숨김!$B$3:$E$300,2,0) -> 일반 | D49: 화학 | E49: =VLOOKUP(D49,[1]숨김!$B$3:$E$300,3,0) -> 4 | F49: 3 | O49: =VLOOKUP(D49,[1]숨김!$B$3:$E$300,4,0) -> 성취도 5단계+석차등급O
C50: =VLOOKUP(D50,[1]숨김!$B$3:$E$300,2,0) -> 일반 | D50: 생명과학 | E50: =VLOOKUP(D50,[1]숨김!$B$3:$E$300,3,0) -> 4 | F50: 3 | O50: =VLOOKUP(D50,[1]숨김!$B$3:$E$300,4,0) -> 성취도 5단계+석차등급O
C51: =VLOOKUP(D51,[1]숨김!$B$3:$E$300,2,0) -> 일반 | D51: 지구과학 | E51: =VLOOKUP(D51,[1]숨김!$B$3:$E$300,3,0) -> 4 | F51: 3 | O51: =VLOOKUP(D51,[1]숨김!$B$3:$E$300,4,0) -> 성취도 5단계+석차등급O
A52: 선택군B | B52: 수학 | C52: =VLOOKUP(D52,[1]숨김!$B$3:$E$300,2,0) -> 진로 | D52: 기하 | E52: =VLOOKUP(D52,[1]숨김!$B$3:$E$300,3,0) -> 4 | F52: 3 | J52: 3 | M52: =SUM(G52:L61) -> 12 | O52: =VLOOKUP(D52,[1]숨김!$B$3:$E$300,4,0) -> 성취도 5단계+석차등급O
B53: 사회 | C53: =VLOOKUP(D53,[1]숨김!$B$3:$E$300,2,0) -> 진로 | D53: 법과 사회 | E53: =VLOOKUP(D53,[1]숨김!$B$3:$E$300,3,0) -> 4 | F53: 3 | J53: 3 | O53: =VLOOKUP(D53,[1]숨김!$B$3:$E$300,4,0) -> 성취도 5단계+석차등급O
C54: =VLOOKUP(D54,[1]숨김!$B$3:$E$300,2,0) -> 진로 | D54: 한국지리 탐구 | E54: =VLOOKUP(D54,[1]숨김!$B$3:$E$300,3,0) -> 4 | F54: 3 | J54: 3 | O54: =VLOOKUP(D54,[1]숨김!$B$3:$E$300,4,0) -> 성취도 5단계+석차등급O
C55: =VLOOKUP(D55,[1]숨김!$B$3:$E$300,2,0) -> 진로 | D55: 윤리와 사상 | E55: =VLOOKUP(D55,[1]숨김!$B$3:$E$300,3,0) -> 4 | F55: 3 | J55: 3 | O55: =VLOOKUP(D55,[1]숨김!$B$3:$E$300,4,0) -> 성취도 5단계+석차등급O
C56: =VLOOKUP(D56,[1]숨김!$B$3:$E$300,2,0) -> 진로 | D56: 동아시아 역사 기행 | E56: =VLOOKUP(D56,[1]숨김!$B$3:$E$300,3,0) -> 4 | F56: 3 | O56: =VLOOKUP(D56,[1]숨김!$B$3:$E$300,4,0) -> 성취도 5단계+석차등급O
B57: 과학 | C57: =VLOOKUP(D57,[1]숨김!$B$3:$E$300,2,0) -> 진로 | D57: 과학과제 연구 | E57: =VLOOKUP(D57,[1]숨김!$B$3:$E$300,3,0) -> 4 | F57: 3 | O57: =VLOOKUP(D57,[1]숨김!$B$3:$E$300,4,0) -> 성취도 5단계+석차등급O
C58: =VLOOKUP(D58,[1]숨김!$B$3:$E$300,2,0) -> 진로 | D58: 전자기와 양자 | E58: =VLOOKUP(D58,[1]숨김!$B$3:$E$300,3,0) -> 4 | F58: 3 | O58: =VLOOKUP(D58,[1]숨김!$B$3:$E$300,4,0) -> 성취도 5단계+석차등급O
C59: =VLOOKUP(D59,[1]숨김!$B$3:$E$300,2,0) -> 진로 | D59: 물질과 에너지 | E59: =VLOOKUP(D59,[1]숨김!$B$3:$E$300,3,0) -> 4 | F59: 3 | O59: =VLOOKUP(D59,[1]숨김!$B$3:$E$300,4,0) -> 성취도 5단계+석차등급O
C60: =VLOOKUP(D60,[1]숨김!$B$3:$E$300,2,0) -> 진로 | D60: 세포와 물질대사 | E60: =VLOOKUP(D60,[1]숨김!$B$3:$E$300,3,0) -> 4 | F60: 3 | O60: =VLOOKUP(D60,[1]숨김!$B$3:$E$300,4,0) -> 성취도 5단계+석차등급O
C61: =VLOOKUP(D61,[1]숨김!$B$3:$E$300,2,0) -> 진로 | D61: 행성우주과학 | E61: =VLOOKUP(D61,[1]숨김!$B$3:$E$300,3,0) -> 4 | F61: 3 | O61: =VLOOKUP(D61,[1]숨김!$B$3:$E$300,4,0) -> 성취도 5단계+석차등급O
A62: 선택군C | B62: 제2외국어 | C62: =VLOOKUP(D62,[1]숨김!$B$3:$E$300,2,0) -> 일반 | D62: 일본어 | E62: =VLOOKUP(D62,[1]숨김!$B$3:$E$300,3,0) -> 4 | F62: 3 | I62: 3 | M62: =SUM(G62:L63) -> 3 | O62: =VLOOKUP(D62,[1]숨김!$B$3:$E$300,4,0) -> 성취도 5단계+석차등급O
C63: =VLOOKUP(D63,[1]숨김!$B$3:$E$300,2,0) -> 일반 | D63: 중국어 | E63: =VLOOKUP(D63,[1]숨김!$B$3:$E$300,3,0) -> 4 | F63: 3 | O63: =VLOOKUP(D63,[1]숨김!$B$3:$E$300,4,0) -> 성취도 5단계+석차등급O
A64: 선택군D | B64: 제2외국어 | C64: =VLOOKUP(D64,[1]숨김!$B$3:$E$300,2,0) -> 진로 | D64: 일본어 회화 | E64: =VLOOKUP(D64,[1]숨김!$B$3:$E$300,3,0) -> 4 | F64: 3 | J64: 3 | M64: =SUM(G64:L65) -> 3 | O64: =VLOOKUP(D64,[1]숨김!$B$3:$E$300,4,0) -> 성취도 5단계+석차등급O
C65: =VLOOKUP(D65,[1]숨김!$B$3:$E$300,2,0) -> 진로 | D65: 중국어 회화 | E65: =VLOOKUP(D65,[1]숨김!$B$3:$E$300,3,0) -> 4 | F65: 3 | O65: =VLOOKUP(D65,[1]숨김!$B$3:$E$300,4,0) -> 성취도 5단계+석차등급O
A66: 선택군a | B66: 국어 | C66: =VLOOKUP(D66,[1]숨김!$B$3:$E$300,2,0) -> 진로 | D66: 문학과 영상 | E66: =VLOOKUP(D66,[1]숨김!$B$3:$E$300,3,0) -> 4 | F66: 3 | K66: 3 | M66: =SUM(G66:L82) -> 12 | O66: =VLOOKUP(D66,[1]숨김!$B$3:$E$300,4,0) -> 성취도 5단계+석차등급O
B67: 수학 | C67: =VLOOKUP(D67,[1]숨김!$B$3:$E$300,2,0) -> 진로 | D67: 미적분Ⅱ | E67: =VLOOKUP(D67,[1]숨김!$B$3:$E$300,3,0) -> 4 | F67: 3 | K67: 3 | O67: =VLOOKUP(D67,[1]숨김!$B$3:$E$300,4,0) -> 성취도 5단계+석차등급O
C68: =VLOOKUP(D68,[1]숨김!$B$3:$E$300,2,0) -> 진로 | D68: 경제 수학 | E68: =VLOOKUP(D68,[1]숨김!$B$3:$E$300,3,0) -> 4 | F68: 3 | K68: 3 | O68: =VLOOKUP(D68,[1]숨김!$B$3:$E$300,4,0) -> 성취도 5단계+석차등급O
B69: 영어 | C69: =VLOOKUP(D69,[1]숨김!$B$3:$E$300,2,0) -> 융합 | D69: 세계 문화와 영어 | E69: =VLOOKUP(D69,[1]숨김!$B$3:$E$300,3,0) -> 4 | F69: 3 | K69: 3 | O69: =VLOOKUP(D69,[1]숨김!$B$3:$E$300,4,0) -> 성취도 5단계+석차등급O
B70: 사회 | C70: =VLOOKUP(D70,[1]숨김!$B$3:$E$300,2,0) -> 진로 | D70: 정치 | E70: =VLOOKUP(D70,[1]숨김!$B$3:$E$300,3,0) -> 4 | F70: 3 | O70: =VLOOKUP(D70,[1]숨김!$B$3:$E$300,4,0) -> 성취도 5단계+석차등급O
C71: =VLOOKUP(D71,[1]숨김!$B$3:$E$300,2,0) -> 진로 | D71: 국제 관계의 이해 | E71: =VLOOKUP(D71,[1]숨김!$B$3:$E$300,3,0) -> 4 | F71: 3 | O71: =VLOOKUP(D71,[1]숨김!$B$3:$E$300,4,0) -> 성취도 5단계+석차등급O
C72: =VLOOKUP(D72,[1]숨김!$B$3:$E$300,2,0) -> 진로 | D72: 도시의 미래 탐구 | E72: =VLOOKUP(D72,[1]숨김!$B$3:$E$300,3,0) -> 4 | F72: 3 | O72: =VLOOKUP(D72,[1]숨김!$B$3:$E$300,4,0) -> 성취도 5단계+석차등급O
C73: =VLOOKUP(D73,[1]숨김!$B$3:$E$300,2,0) -> 진로 | D73: 인문학과 윤리 | E73: =VLOOKUP(D73,[1]숨김!$B$3:$E$300,3,0) -> 4 | F73: 3 | O73: =VLOOKUP(D73,[1]숨김!$B$3:$E$300,4,0) -> 성취도 5단계+석차등급O
C74: =VLOOKUP(D74,[1]숨김!$B$3:$E$300,2,0) -> 융합 | D74: 역사로 탐구하는 현대 세계 | E74: =VLOOKUP(D74,[1]숨김!$B$3:$E$300,3,0) -> 4 | F74: 3 | O74: =VLOOKUP(D74,[1]숨김!$B$3:$E$300,4,0) -> 성취도 5단계+석차등급X
B75: 과학 | C75: =VLOOKUP(D75,[1]숨김!$B$3:$E$300,2,0) -> 진로 | D75: 역학과 에너지 | E75: =VLOOKUP(D75,[1]숨김!$B$3:$E$300,3,0) -> 4 | F75: 3 | O75: =VLOOKUP(D75,[1]숨김!$B$3:$E$300,4,0) -> 성취도 5단계+석차등급O
C76: =VLOOKUP(D76,[1]숨김!$B$3:$E$300,2,0) -> 진로 | D76: 화학 반응의 세계 | E76: =VLOOKUP(D76,[1]숨김!$B$3:$E$300,3,0) -> 4 | F76: 3 | O76: =VLOOKUP(D76,[1]숨김!$B$3:$E$300,4,0) -> 성취도 5단계+석차등급O
C77: =VLOOKUP(D77,[1]숨김!$B$3:$E$300,2,0) -> 진로 | D77: 지구시스템과학 | E77: =VLOOKUP(D77,[1]숨김!$B$3:$E$300,3,0) -> 4 | F77: 3 | O77: =VLOOKUP(D77,[1]숨김!$B$3:$E$300,4,0) -> 성취도 5단계+석차등급O
C78: =VLOOKUP(D78,[1]숨김!$B$3:$E$300,2,0) -> 진로 | D78: 생물의 유전 | E78: =VLOOKUP(D78,[1]숨김!$B$3:$E$300,3,0) -> 4 | F78: 3 | O78: =VLOOKUP(D78,[1]숨김!$B$3:$E$300,4,0) -> 성취도 5단계+석차등급O
C79: =VLOOKUP(D79,[1]숨김!$B$3:$E$300,2,0) -> 진로 | D79: 고급 화학 | E79: =VLOOKUP(D79,[1]숨김!$B$3:$E$300,3,0) -> 4 | F79: 3 | O79: =VLOOKUP(D79,[1]숨김!$B$3:$E$300,4,0) -> 성취도 5단계+석차등급O
C80: =VLOOKUP(D80,[1]숨김!$B$3:$E$300,2,0) -> 진로 | D80: 고급 생명과학 | E80: =VLOOKUP(D80,[1]숨김!$B$3:$E$300,3,0) -> 4 | F80: 3 | O80: =VLOOKUP(D80,[1]숨김!$B$3:$E$300,4,0) -> 성취도 5단계+석차등급O
B81: 제2외국어 | C81: =VLOOKUP(D81,[1]숨김!$B$3:$E$300,2,0) -> 융합 | D81: 일본 문화 | E81: =VLOOKUP(D81,[1]숨김!$B$3:$E$300,3,0) -> 4 | F81: 3 | O81: =VLOOKUP(D81,[1]숨김!$B$3:$E$300,4,0) -> 성취도 5단계+석차등급O
C82: =VLOOKUP(D82,[1]숨김!$B$3:$E$300,2,0) -> 융합 | D82: 중국 문화 | E82: =VLOOKUP(D82,[1]숨김!$B$3:$E$300,3,0) -> 4 | F82: 3 | O82: =VLOOKUP(D82,[1]숨김!$B$3:$E$300,4,0) -> 성취도 5단계+석차등급O
A83: 선택군b | B83: 국어 | C83: =VLOOKUP(D83,[1]숨김!$B$3:$E$300,2,0) -> 융합 | D83: 독서 토론과 글쓰기 | E83: =VLOOKUP(D83,[1]숨김!$B$3:$E$300,3,0) -> 4 | F83: 3 | L83: 3 | M83: =SUM(G83:L98) -> 12 | O83: =VLOOKUP(D83,[1]숨김!$B$3:$E$300,4,0) -> 성취도 5단계+석차등급O
B84: 수학 | C84: =VLOOKUP(D84,[1]숨김!$B$3:$E$300,2,0) -> 융합 | D84: 수학과제 탐구 | E84: =VLOOKUP(D84,[1]숨김!$B$3:$E$300,3,0) -> 4 | F84: 3 | L84: 3 | O84: =VLOOKUP(D84,[1]숨김!$B$3:$E$300,4,0) -> 성취도 5단계+석차등급O
B85: 영어 | C85: =VLOOKUP(D85,[1]숨김!$B$3:$E$300,2,0) -> 융합 | D85: 미디어 영어 | E85: =VLOOKUP(D85,[1]숨김!$B$3:$E$300,3,0) -> 4 | F85: 3 | L85: 3 | O85: =VLOOKUP(D85,[1]숨김!$B$3:$E$300,4,0) -> 성취도 5단계+석차등급O
B86: 사회 | C86: =VLOOKUP(D86,[1]숨김!$B$3:$E$300,2,0) -> 융합 | D86: 기후변화와 지속가능한 세계 | E86: =VLOOKUP(D86,[1]숨김!$B$3:$E$300,3,0) -> 4 | F86: 3 | L86: 3 | O86: =VLOOKUP(D86,[1]숨김!$B$3:$E$300,4,0) -> 성취도 5단계+석차등급X
C87: =VLOOKUP(D87,[1]숨김!$B$3:$E$300,2,0) -> 융합 | D87: 금융과 경제생활 | E87: =VLOOKUP(D87,[1]숨김!$B$3:$E$300,3,0) -> 4 | F87: 3 | O87: =VLOOKUP(D87,[1]숨김!$B$3:$E$300,4,0) -> 성취도 5단계+석차등급X
C88: =VLOOKUP(D88,[1]숨김!$B$3:$E$300,2,0) -> 융합 | D88: 사회문제 탐구 | E88: =VLOOKUP(D88,[1]숨김!$B$3:$E$300,3,0) -> 4 | F88: 3 | O88: =VLOOKUP(D88,[1]숨김!$B$3:$E$300,4,0) -> 성취도 5단계+석차등급X
C89: =VLOOKUP(D89,[1]숨김!$B$3:$E$300,2,0) -> 융합 | D89: 여행지리 | E89: =VLOOKUP(D89,[1]숨김!$B$3:$E$300,3,0) -> 4 | F89: 3 | O89: =VLOOKUP(D89,[1]숨김!$B$3:$E$300,4,0) -> 성취도 5단계+석차등급X
C90: =VLOOKUP(D90,[1]숨김!$B$3:$E$300,2,0) -> 융합 | D90: 윤리문제 탐구 | E90: =VLOOKUP(D90,[1]숨김!$B$3:$E$300,3,0) -> 4 | F90: 3 | O90: =VLOOKUP(D90,[1]숨김!$B$3:$E$300,4,0) -> 성취도 5단계+석차등급X
B91: 과학 | C91: =VLOOKUP(D91,[1]숨김!$B$3:$E$300,2,0) -> 진로 | D91: 역학과 에너지 | E91: =VLOOKUP(D91,[1]숨김!$B$3:$E$300,3,0) -> 4 | F91: 3 | O91: =VLOOKUP(D91,[1]숨김!$B$3:$E$300,4,0) -> 성취도 5단계+석차등급O
C92: =VLOOKUP(D92,[1]숨김!$B$3:$E$300,2,0) -> 진로 | D92: 화학 반응의 세계 | E92: =VLOOKUP(D92,[1]숨김!$B$3:$E$300,3,0) -> 4 | F92: 3 | O92: =VLOOKUP(D92,[1]숨김!$B$3:$E$300,4,0) -> 성취도 5단계+석차등급O
C93: =VLOOKUP(D93,[1]숨김!$B$3:$E$300,2,0) -> 진로 | D93: 지구시스템과학 | E93: =VLOOKUP(D93,[1]숨김!$B$3:$E$300,3,0) -> 4 | F93: 3 | O93: =VLOOKUP(D93,[1]숨김!$B$3:$E$300,4,0) -> 성취도 5단계+석차등급O
C94: =VLOOKUP(D94,[1]숨김!$B$3:$E$300,2,0) -> 진로 | D94: 생물의 유전 | E94: =VLOOKUP(D94,[1]숨김!$B$3:$E$300,3,0) -> 4 | F94: 3 | O94: =VLOOKUP(D94,[1]숨김!$B$3:$E$300,4,0) -> 성취도 5단계+석차등급O
C95: =VLOOKUP(D95,[1]숨김!$B$3:$E$300,2,0) -> 융합 | D95: 기후변화와 환경생태 | E95: =VLOOKUP(D95,[1]숨김!$B$3:$E$300,3,0) -> 4 | F95: 3 | O95: =VLOOKUP(D95,[1]숨김!$B$3:$E$300,4,0) -> 성취도 5단계+석차등급X
C96: =VLOOKUP(D96,[1]숨김!$B$3:$E$300,2,0) -> 융합 | D96: 융합과학 탐구 | E96: =VLOOKUP(D96,[1]숨김!$B$3:$E$300,3,0) -> 4 | F96: 3 | O96: =VLOOKUP(D96,[1]숨김!$B$3:$E$300,4,0) -> 성취도 5단계+석차등급X
B97: 제2외국어 | C97: =VLOOKUP(D97,[1]숨김!$B$3:$E$300,2,0) -> 진로 | D97: 심화 일본어 | E97: =VLOOKUP(D97,[1]숨김!$B$3:$E$300,3,0) -> 4 | F97: 3 | O97: =VLOOKUP(D97,[1]숨김!$B$3:$E$300,4,0) -> 성취도 5단계+석차등급O
C98: =VLOOKUP(D98,[1]숨김!$B$3:$E$300,2,0) -> 진로 | D98: 심화 중국어 | E98: =VLOOKUP(D98,[1]숨김!$B$3:$E$300,3,0) -> 4 | F98: 3 | O98: 성취도 5단계+석차등급O
A99: 선택군c | B99: 예술 | C99: 진로 | D99: 음악 연주와 창작 | E99: 3 | F99: 2 | K99: 2 | L99: 2 | M99: =SUM(G99:L100) -> 4 | O99: 성취도 3단계
C100: 진로 | D100: 미술 창작 | E100: 3 | F100: 2 | O100: 성취도 3단계
...

Sheet 2026 입학생 3개년(2학년)
A1: 2026학년도 입학생 3개년 교육과정 편성표(2학년)
A2: 창원여자고등학교(공립)
A3: 구분 | B3: 교과(군) | C3: 과목 유형 | D3: 과목 | E3: 기본 학점 | F3: 운영 학점 | G3: 1학년 | I3: 2학년 | K3: 3학년 | M3: 편성학점 합 | O3: 성적처리 유형
G4: 1학기 | H4: 2학기 | I4: 1학기 | J4: 2학기 | K4: 1학기 | L4: 2학기 | M4: 교과(군) | N4: 선택군
A5: 학 교 지 정 과 목 | B5: 국어 | C5: 공통 | D5: 공통국어1 | E5: 4 | F5: =SUM(G5:L5) -> 3 | G5: 3 | M5: =SUM(G5:L10) -> 22 | N5: =SUM(M5:M22) -> 66 | O5: 성취도 5단계+석차등급O
C6: 공통 | D6: 공통국어2 | E6: 4 | F6: =SUM(G6:L6) -> 3 | H6: 3 | O6: 성취도 5단계+석차등급O
C7: 일반 | D7: 화법과 언어 | E7: 4 | F7: =SUM(G7:L7) -> 4 | I7: 4 | O7: 성취도 5단계+석차등급O
C8: 일반 | D8: 문학 | E8: 4 | F8: =SUM(G8:L8) -> 4 | J8: 4 | O8: 성취도 5단계+석차등급O
C9: 일반 | D9: 독서와 작문 | E9: 4 | F9: =SUM(G9:L9) -> 4 | K9: 4 | O9: 성취도 5단계+석차등급O
C10: 진로 | D10: 주제 탐구 독서 | E10: 4 | F10: =SUM(G10:L10) -> 4 | L10: 4 | O10: 성취도 5단계+석차등급O
B11: 수학 | C11: 공통 | D11: 공통수학1 | E11: 4 | F11: =SUM(G11:L11) -> 3 | G11: 3 | M11: =SUM(G11:L16) -> 22 | O11: 성취도 5단계+석차등급O
C12: 공통 | D12: 공통수학2 | E12: 4 | F12: =SUM(G12:L12) -> 3 | H12: 3 | O12: 성취도 5단계+석차등급O
C13: 일반 | D13: 대수 | E13: 4 | F13: =SUM(G13:L13) -> 4 | I13: 4 | O13: 성취도 5단계+석차등급O
C14: 일반 | D14: 미적분Ⅰ | E14: 4 | F14: =SUM(G14:L14) -> 4 | J14: 4 | O14: 성취도 5단계+석차등급O
C15: 일반 | D15: 확률과 통계 | E15: 4 | F15: =SUM(G15:L15) -> 4 | K15: 4 | O15: 성취도 5단계+석차등급O
C16: 융합 | D16: 수학과 문화 | E16: 4 | F16: =SUM(G16:L16) -> 4 | L16: 4 | O16: 성취도 5단계+석차등급O
B17: 영어 | C17: 공통 | D17: 공통영어1 | E17: 4 | F17: =SUM(G17:L17) -> 3 | G17: 3 | M17: =SUM(G17:L22) -> 22 | O17: 성취도 5단계+석차등급O
C18: 공통 | D18: 공통영어2 | E18: 4 | F18: =SUM(G18:L18) -> 3 | H18: 3 | O18: 성취도 5단계+석차등급O
C19: 일반 | D19: 영어Ⅰ | E19: 4 | F19: =SUM(G19:L19) -> 4 | I19: 4 | O19: 성취도 5단계+석차등급O
C20: 일반 | D20: 영어Ⅱ | E20: 4 | F20: =SUM(G20:L20) -> 4 | J20: 4 | O20: 성취도 5단계+석차등급O
C21: 일반 | D21: 영어 독해와 작문 | E21: 4 | F21: =SUM(G21:L21) -> 4 | K21: 4 | O21: 성취도 5단계+석차등급O
C22: 진로 | D22: 심화 영어 독해와 작문 | E22: 4 | F22: =SUM(G22:L22) -> 4 | L22: 4 | O22: 성취도 5단계+석차등급O
B23: 사회 | C23: 공통 | D23: 한국사1 | E23: 3 | F23: =SUM(G23:L23) -> 3 | G23: 3 | M23: =SUM(G23:L24) -> 6 | O23: 성취도 5단계+석차등급O
C24: 공통 | D24: 한국사2 | E24: 3 | F24: =SUM(G24:L24) -> 3 | H24: 3 | O24: 성취도 5단계+석차등급O
C25: 공통 | D25: 통합사회1 | E25: 4 | F25: =SUM(G25:L25) -> 4 | G25: 4 | M25: =SUM(G25:L28) -> 16 | O25: 성취도 5단계+석차등급O
C26: 공통 | D26: 통합사회2 | E26: 4 | F26: =SUM(G26:L26) -> 4 | H26: 4 | O26: 성취도 5단계+석차등급O
B27: 과학 | C27: 공통 | D27: 통합과학1 | E27: 4 | F27: =SUM(G27:L27) -> 4 | G27: 4 | M27: =SUM(G29:L37) -> 18 | O27: 성취도 5단계+석차등급O
C28: 공통 | D28: 통합과학2 | E28: 4 | F28: =SUM(G28:L28) -> 4 | H28: 4 | O28: 성취도 5단계+석차등급O
C29: 공통 | D29: 과학탐구실험1 | E29: 1 | F29: =SUM(G29:L29) -> 1 | G29: 1 | O29: 성취도 3단계
C30: 공통 | D30: 과학탐구실험2 | E30: 1 | F30: =SUM(G30:L30) -> 1 | H30: 1 | O30: 성취도 3단계
B31: 체육 | C31: 일반 | D31: 체육1 | E31: 3 | F31: =SUM(G31:L31) -> 2 | G31: 2 | M31: =SUM(G31:L36) -> 10 | O31: 성취도 3단계
C32: 일반 | D32: 체육2 | E32: 3 | F32: =SUM(G32:L32) -> 2 | H32: 2 | O32: 성취도 3단계
C33: 융합 | D33: 스포츠 생활1 | E33: 3 | F33: =SUM(G33:L33) -> 2 | I33: 2 | O33: 성취도 3단계
C34: 융합 | D34: 스포츠 생활2 | E34: 3 | F34: =SUM(G34:L34) -> 2 | J34: 2 | O34: 성취도 3단계
C35: 진로 | D35: 스포츠 문화 | E35: 2 | F35: =SUM(G35:L35) -> 1 | K35: 1 | O35: 성취도 3단계
C36: 진로 | D36: 스포츠 과학 | E36: 2 | F36: =SUM(G36:L36) -> 1 | L36: 1 | O36: 성취도 3단계
B37: 예술 | C37: 일반 | D37: 음악↔미술 | E37: 3 | F37: 3 | G37: 3 | H37: 3 | M37: =SUM(G37:L40) -> 10 | O37: 성취도 3단계
C38: 일반 | E38: 3 | F38: 3 | O38: 성취도 3단계
C39: 진로 | D39: 음악 연주와 창작↔미술 창작 | E39: 3 | F39: 2 | K39: 2 | L39: 2 | O39: 성취도 3단계
C40: 진로 | E40: 3 | F40: 2 | O40: 성취도 3단계
B41: 정보 | C41: 일반 | D41: 정보 | E41: 4 | F41: =SUM(G41:L41) -> 3 | G41: 3 | M41: =SUM(G41:L42) -> 6 | O41: 성취도 5단계+석차등급O
C42: 진로 | D42: 인공지능 기초 | E42: 4 | F42: =SUM(G42:L42) -> 3 | H42: 3 | O42: 성취도 5단계+석차등급O
A43: 학교 지정 과목 교과 편성 학점 | G43: =SUM(G5:G42) -> 29 | H43: =SUM(H5:H42) -> 29 | I43: =SUM(I5:I42) -> 14 | J43: =SUM(J5:J42) -> 14 | K43: =SUM(K5:K42) -> 15 | L43: =SUM(L5:L42) -> 15 | M43: =SUM(G43:L43) -> 116
A44: 선택군A | B44: 사회 | C44: 일반 | D44: 사회와 문화 | E44: 4 | F44: =IF(SUM(G44:L44)<>0,SUM(G44:L44),F43) -> 3 | I44: 3 | M44: =SUM(G44:L52) -> 12 | O44: 성취도 5단계+석차등급O
C45: 일반 | D45: 세계사 | E45: 4 | F45: =IF(SUM(G45:L45)<>0,SUM(G45:L45),F44) -> 3 | I45: 3 | O45: 성취도 5단계+석차등급O
C46: 일반 | D46: 세계시민과 지리 | E46: 4 | F46: =IF(SUM(G46:L46)<>0,SUM(G46:L46),F45) -> 3 | I46: 3 | O46: 성취도 5단계+석차등급O
C47: 일반 | D47: 현대사회와 윤리 | E47: 4 | F47: =IF(SUM(G47:L47)<>0,SUM(G47:L47),F46) -> 3 | I47: 3 | O47: 성취도 5단계+석차등급O
C48: 진로 | D48: 경제 | E48: 4 | F48: =IF(SUM(G48:L48)<>0,SUM(G48:L48),F47) -> 3 | O48: 성취도 5단계+석차등급O
B49: 과학 | C49: 일반 | D49: 물리학 | E49: 4 | F49: =IF(SUM(G49:L49)<>0,SUM(G49:L49),F48) -> 3 | O49: 성취도 5단계+석차등급O
C50: 일반 | D50: 화학 | E50: 4 | F50: =IF(SUM(G50:L50)<>0,SUM(G50:L50),F49) -> 3 | O50: 성취도 5단계+석차등급O
C51: 일반 | D51: 생명과학 | E51: 4 | F51: =IF(SUM(G51:L51)<>0,SUM(G51:L51),F50) -> 3 | O51: 성취도 5단계+석차등급O
C52: 일반 | D52: 지구과학 | E52: 4 | F52: =IF(SUM(G52:L52)<>0,SUM(G52:L52),F51) -> 3 | O52: 성취도 5단계+석차등급O
A53: 선택군B | B53: 수학 | C53: 진로 | D53: 기하 | E53: 4 | F53: =IF(SUM(G53:L53)<>0,SUM(G53:L53),F52) -> 3 | J53: 3 | M53: =SUM(G53:L62) -> 12 | O53: 성취도 5단계+석차등급O
B54: 사회 | C54: 진로 | D54: 법과 사회 | E54: 4 | F54: =IF(SUM(G54:L54)<>0,SUM(G54:L54),F53) -> 3 | J54: 3 | O54: 성취도 5단계+석차등급O
C55: 진로 | D55: 한국지리 탐구 | E55: 4 | F55: =IF(SUM(G55:L55)<>0,SUM(G55:L55),F54) -> 3 | J55: 3 | O55: 성취도 5단계+석차등급O
C56: 진로 | D56: 윤리와 사상 | E56: 4 | F56: =IF(SUM(G56:L56)<>0,SUM(G56:L56),F55) -> 3 | J56: 3 | O56: 성취도 5단계+석차등급O
C57: 진로 | D57: 동아시아 역사 기행 | E57: 4 | F57: =IF(SUM(G57:L57)<>0,SUM(G57:L57),F56) -> 3 | O57: 성취도 5단계+석차등급O
B58: 과학 | C58: 진로 | D58: 과학과제 연구 | E58: 4 | F58: =IF(SUM(G58:L58)<>0,SUM(G58:L58),F57) -> 3 | O58: 성취도 5단계+석차등급O
C59: 진로 | D59: 전자기와 양자 | E59: 4 | F59: =IF(SUM(G59:L59)<>0,SUM(G59:L59),F58) -> 3 | O59: 성취도 5단계+석차등급O
C60: 진로 | D60: 물질과 에너지 | E60: 4 | F60: =IF(SUM(G60:L60)<>0,SUM(G60:L60),F59) -> 3 | O60: 성취도 5단계+석차등급O
C61: 진로 | D61: 세포와 물질대사 | E61: 4 | F61: =IF(SUM(G61:L61)<>0,SUM(G61:L61),F60) -> 3 | O61: 성취도 5단계+석차등급O
C62: 진로 | D62: 행성우주과학 | E62: 4 | F62: =IF(SUM(G62:L62)<>0,SUM(G62:L62),F61) -> 3 | O62: 성취도 5단계+석차등급O
A63: 선택군C | B63: 제2외국어 | C63: 일반 | D63: 일본어 | E63: 4 | F63: =IF(SUM(G63:L63)<>0,SUM(G63:L63),F62) -> 3 | I63: 3 | M63: =SUM(G63:L64) -> 3 | O63: 성취도 5단계+석차등급O
C64: 일반 | D64: 중국어 | E64: 4 | F64: =IF(SUM(G64:L64)<>0,SUM(G64:L64),F63) -> 3 | O64: 성취도 5단계+석차등급O
A65: 선택군D | B65: 제2외국어 | C65: 진로 | D65: 일본어 회화 | E65: 4 | F65: =IF(SUM(G65:L65)<>0,SUM(G65:L65),F64) -> 3 | J65: 3 | M65: =SUM(G65:L66) -> 3 | O65: 성취도 5단계+석차등급O
C66: 진로 | D66: 중국어 회화 | E66: 4 | F66: =IF(SUM(G66:L66)<>0,SUM(G66:L66),F65) -> 3 | O66: 성취도 5단계+석차등급O
A67: 선택군E | B67: 국어 | C67: 진로 | D67: 문학과 영상 | E67: 4 | F67: =IF(SUM(G67:L67)<>0,SUM(G67:L67),F66) -> 3 | K67: 3 | M67: =SUM(G67:L83) -> 12 | O67: 성취도 5단계+석차등급O
B68: 수학 | C68: 진로 | D68: 미적분Ⅱ | E68: 4 | F68: =IF(SUM(G68:L68)<>0,SUM(G68:L68),F67) -> 3 | K68: 3 | O68: 성취도 5단계+석차등급O
C69: 진로 | D69: 경제 수학 | E69: 4 | F69: =IF(SUM(G69:L69)<>0,SUM(G69:L69),F68) -> 3 | K69: 3 | O69: 성취도 5단계+석차등급O
B70: 영어 | C70: 융합 | D70: 세계 문화와 영어 | E70: 4 | F70: =IF(SUM(G70:L70)<>0,SUM(G70:L70),F69) -> 3 | K70: 3 | O70: 성취도 5단계+석차등급O
B71: 사회 | C71: 진로 | D71: 정치 | E71: 4 | F71: =IF(SUM(G71:L71)<>0,SUM(G71:L71),F70) -> 3 | O71: 성취도 5단계+석차등급O
C72: 진로 | D72: 국제 관계의 이해 | E72: 4 | F72: =IF(SUM(G72:L72)<>0,SUM(G72:L72),F71) -> 3 | O72: 성취도 5단계+석차등급O
C73: 진로 | D73: 도시의 미래 탐구 | E73: 4 | F73: =IF(SUM(G73:L73)<>0,SUM(G73:L73),F72) -> 3 | O73: 성취도 5단계+석차등급O
C74: 진로 | D74: 인문학과 윤리 | E74: 4 | F74: =IF(SUM(G74:L74)<>0,SUM(G74:L74),F73) -> 3 | O74: 성취도 5단계+석차등급O
C75: 융합 | D75: 역사로 탐구하는 현대 세계 | E75: 4 | F75: =IF(SUM(G75:L75)<>0,SUM(G75:L75),F74) -> 3 | O75: 성취도 5단계+석차등급X
B76: 과학 | C76: 진로 | D76: 역학과 에너지 | E76: 4 | F76: =IF(SUM(G76:L76)<>0,SUM(G76:L76),F75) -> 3 | O76: 성취도 5단계+석차등급O
C77: 진로 | D77: 화학 반응의 세계 | E77: 4 | F77: =IF(SUM(G77:L77)<>0,SUM(G77:L77),F76) -> 3 | O77: 성취도 5단계+석차등급O
C78: 진로 | D78: 지구시스템과학 | E78: 4 | F78: =IF(SUM(G78:L78)<>0,SUM(G78:L78),F77) -> 3 | O78: 성취도 5단계+석차등급O
C79: 진로 | D79: 생물의 유전 | E79: 4 | F79: =IF(SUM(G79:L79)<>0,SUM(G79:L79),F78) -> 3 | O79: 성취도 5단계+석차등급O
C80: 진로 | D80: 고급 화학 | E80: 4 | F80: =IF(SUM(G80:L80)<>0,SUM(G80:L80),F79) -> 3 | O80: 성취도 5단계+석차등급O
C81: 진로 | D81: 고급 생명과학 | E81: 4 | F81: =IF(SUM(G81:L81)<>0,SUM(G81:L81),F80) -> 3 | O81: 성취도 5단계+석차등급O
B82: 제2외국어 | C82: 융합 | D82: 일본 문화 | E82: 4 | F82: =IF(SUM(G82:L82)<>0,SUM(G82:L82),F81) -> 3 | O82: 성취도 5단계+석차등급O
C83: 융합 | D83: 중국 문화 | E83: 4 | F83: =IF(SUM(G83:L83)<>0,SUM(G83:L83),F82) -> 3 | O83: 성취도 5단계+석차등급O
A84: 선택군F | B84: 국어 | C84: 융합 | D84: 독서 토론과 글쓰기 | E84: 4 | F84: =IF(SUM(G84:L84)<>0,SUM(G84:L84),F83) -> 3 | L84: 3 | M84: 12 | O84: 성취도 5단계+석차등급O
B85: 수학 | C85: 융합 | D85: 수학과제 탐구 | E85: 4 | F85: =IF(SUM(G85:L85)<>0,SUM(G85:L85),F84) -> 3 | L85: 3 | O85: 성취도 5단계+석차등급O
B86: 영어 | C86: 융합 | D86: 미디어 영어 | E86: 4 | F86: =IF(SUM(G86:L86)<>0,SUM(G86:L86),F85) -> 3 | L86: 3 | O86: 성취도 5단계+석차등급O
B87: 사회 | C87: 융합 | D87: 기후변화와 지속가능한 세계 | E87: 4 | F87: =IF(SUM(G87:L87)<>0,SUM(G87:L87),F86) -> 3 | L87: 3 | O87: 성취도 5단계+석차등급X
C88: 융합 | D88: 금융과 경제생활 | E88: 4 | F88: =IF(SUM(G88:L88)<>0,SUM(G88:L88),F87) -> 3 | O88: 성취도 5단계+석차등급X
C89: 융합 | D89: 사회문제 탐구 | E89: 4 | F89: =IF(SUM(G89:L89)<>0,SUM(G89:L89),F88) -> 3 | O89: 성취도 5단계+석차등급X
C90: 융합 | D90: 여행지리 | E90: 4 | F90: =IF(SUM(G90:L90)<>0,SUM(G90:L90),F89) -> 3 | O90: 성취도 5단계+석차등급X
C91: 융합 | D91: 윤리문제 탐구 | E91: 4 | F91: =IF(SUM(G91:L91)<>0,SUM(G91:L91),F90) -> 3 | O91: 성취도 5단계+석차등급X
B92: 과학 | C92: 진로 | D92: 역학과 에너지 | E92: 4 | F92: =IF(SUM(G92:L92)<>0,SUM(G92:L92),F91) -> 3 | O92: 성취도 5단계+석차등급O
C93: 진로 | D93: 화학 반응의 세계 | E93: 4 | F93: =IF(SUM(G93:L93)<>0,SUM(G93:L93),F92) -> 3 | O93: 성취도 5단계+석차등급O
C94: 진로 | D94: 지구시스템과학 | E94: 4 | F94: =IF(SUM(G94:L94)<>0,SUM(G94:L94),F93) -> 3 | O94: 성취도 5단계+석차등급O
C95: 진로 | D95: 생물의 유전 | E95: 4 | F95: =IF(SUM(G95:L95)<>0,SUM(G95:L95),F94) -> 3 | O95: 성취도 5단계+석차등급O
C96: 융합 | D96: 기후변화와 환경생태 | E96: 4 | F96: =IF(SUM(G96:L96)<>0,SUM(G96:L96),F95) -> 3 | O96: 성취도 5단계+석차등급X
C97: 융합 | D97: 융합과학 탐구 | E97: 4 | F97: =IF(SUM(G97:L97)<>0,SUM(G97:L97),F96) -> 3 | O97: 성취도 5단계+석차등급X
B98: 제2외국어 | C98: 진로 | D98: 심화 일본어 | E98: 4 | F98: =IF(SUM(G98:L98)<>0,SUM(G98:L98),F97) -> 3 | O98: 성취도 5단계+석차등급O
C99: 진로 | D99: 심화 중국어 | E99: 4 | F99: =IF(SUM(G99:L99)<>0,SUM(G99:L99),F98) -> 3 | O99: 성취도 5단계+석차등급O
A100: 선택군G | B100: 교양 | C100: 일반 | D100: 생태와 환경 | E100: 3 | F100: 2 | K100: 2 | L100: 2 | M100: =SUM(G100:L103) -> 4 | O100: 이수/미이수
...

Sheet 2025 입학생 3개년(3학년)
A1: 2025학년도 입학생 3개년 교육과정 편성표(3학년)
A2: 창원여자고등학교(공립)
A3: 구분 | B3: 교과(군) | C3: 과목 유형 | D3: 과목 | E3: 기본 학점 | F3: 운영 학점 | G3: 1학년 | I3: 2학년 | K3: 3학년 | M3: 편성학점 합 | O3: 성적처리 유형
G4: 1학기 | H4: 2학기 | I4: 1학기 | J4: 2학기 | K4: 1학기 | L4: 2학기 | M4: 교과(군) | N4: 선택군
A5: 학 교 지 정 과 목 | B5: 국어 | C5: 공통 | D5: 공통국어1 | E5: 4 | F5: =SUM(G5:L5) -> 3 | G5: 3 | M5: =SUM(G5:L10) -> 22 | N5: =SUM(M5:M22) -> 66 | O5: 성취도 5단계+석차등급O
C6: 공통 | D6: 공통국어2 | E6: 4 | F6: =SUM(G6:L6) -> 3 | H6: 3 | O6: 성취도 5단계+석차등급O
C7: 일반 | D7: 화법과 언어 | E7: 4 | F7: =SUM(G7:L7) -> 4 | I7: 4 | O7: 성취도 5단계+석차등급O
C8: 일반 | D8: 문학 | E8: 4 | F8: =SUM(G8:L8) -> 4 | J8: 4 | O8: 성취도 5단계+석차등급O
C9: 일반 | D9: 독서와 작문 | E9: 4 | F9: =SUM(G9:L9) -> 4 | K9: 4 | O9: 성취도 5단계+석차등급O
C10: 진로 | D10: 주제 탐구 독서 | E10: 4 | F10: =SUM(G10:L10) -> 4 | L10: 4 | O10: 성취도 5단계+석차등급O
B11: 수학 | C11: 공통 | D11: 공통수학1 | E11: 4 | F11: =SUM(G11:L11) -> 3 | G11: 3 | M11: =SUM(G11:L16) -> 22 | O11: 성취도 5단계+석차등급O
C12: 공통 | D12: 공통수학2 | E12: 4 | F12: =SUM(G12:L12) -> 3 | H12: 3 | O12: 성취도 5단계+석차등급O
C13: 일반 | D13: 대수 | E13: 4 | F13: =SUM(G13:L13) -> 4 | I13: 4 | O13: 성취도 5단계+석차등급O
C14: 일반 | D14: 미적분Ⅰ | E14: 4 | F14: =SUM(G14:L14) -> 4 | J14: 4 | O14: 성취도 5단계+석차등급O
C15: 일반 | D15: 확률과 통계 | E15: 4 | F15: =SUM(G15:L15) -> 4 | K15: 4 | O15: 성취도 5단계+석차등급O
C16: 융합 | D16: 수학과 문화 | E16: 4 | F16: =SUM(G16:L16) -> 4 | L16: 4 | O16: 성취도 5단계+석차등급O
B17: 영어 | C17: 공통 | D17: 공통영어1 | E17: 4 | F17: =SUM(G17:L17) -> 3 | G17: 3 | M17: =SUM(G17:L22) -> 22 | O17: 성취도 5단계+석차등급O
C18: 공통 | D18: 공통영어2 | E18: 4 | F18: =SUM(G18:L18) -> 3 | H18: 3 | O18: 성취도 5단계+석차등급O
C19: 일반 | D19: 영어Ⅰ | E19: 4 | F19: =SUM(G19:L19) -> 4 | I19: 4 | O19: 성취도 5단계+석차등급O
C20: 일반 | D20: 영어Ⅱ | E20: 4 | F20: =SUM(G20:L20) -> 4 | J20: 4 | O20: 성취도 5단계+석차등급O
C21: 일반 | D21: 영어 독해와 작문 | E21: 4 | F21: =SUM(G21:L21) -> 4 | K21: 4 | O21: 성취도 5단계+석차등급O
C22: 진로 | D22: 심화 영어 독해와 작문 | E22: 4 | F22: =SUM(G22:L22) -> 4 | L22: 4 | O22: 성취도 5단계+석차등급O
B23: 사회 | C23: 공통 | D23: 한국사1 | E23: 3 | F23: =SUM(G23:L23) -> 3 | G23: 3 | M23: =SUM(G23:L24) -> 6 | O23: 성취도 5단계+석차등급O
C24: 공통 | D24: 한국사2 | E24: 3 | F24: =SUM(G24:L24) -> 3 | H24: 3 | O24: 성취도 5단계+석차등급O
C25: 공통 | D25: 통합사회1 | E25: 4 | F25: =SUM(G25:L25) -> 4 | G25: 4 | M25: =SUM(G25:L28) -> 16 | O25: 성취도 5단계+석차등급O
C26: 공통 | D26: 통합사회2 | E26: 4 | F26: =SUM(G26:L26) -> 4 | H26: 4 | O26: 성취도 5단계+석차등급O
B27: 과학 | C27: 공통 | D27: 통합과학1 | E27: 4 | F27: =SUM(G27:L27) -> 4 | G27: 4 | M27: =SUM(G29:L37) -> 18 | O27: 성취도 5단계+석차등급O
C28: 공통 | D28: 통합과학2 | E28: 4 | F28: =SUM(G28:L28) -> 4 | H28: 4 | O28: 성취도 5단계+석차등급O
C29: 공통 | D29: 과학탐구실험1 | E29: 1 | F29: =SUM(G29:L29) -> 1 | G29: 1 | O29: 성취도 3단계
C30: 공통 | D30: 과학탐구실험2 | E30: 1 | F30: =SUM(G30:L30) -> 1 | H30: 1 | O30: 성취도 3단계
B31: 체육 | C31: 일반 | D31: 체육1 | E31: 3 | F31: =SUM(G31:L31) -> 2 | G31: 2 | M31: =SUM(G31:L36) -> 10 | O31: 성취도 3단계
C32: 일반 | D32: 체육2 | E32: 3 | F32: =SUM(G32:L32) -> 2 | H32: 2 | O32: 성취도 3단계
C33: 융합 | D33: 스포츠 생활1 | E33: 3 | F33: =SUM(G33:L33) -> 2 | I33: 2 | O33: 성취도 3단계
C34: 융합 | D34: 스포츠 생활2 | E34: 3 | F34: =SUM(G34:L34) -> 2 | J34: 2 | O34: 성취도 3단계
C35: 진로 | D35: 스포츠 문화 | E35: 2 | F35: =SUM(G35:L35) -> 1 | K35: 1 | O35: 성취도 3단계
C36: 진로 | D36: 스포츠 과학 | E36: 2 | F36: =SUM(G36:L36) -> 1 | L36: 1 | O36: 성취도 3단계
B37: 예술 | C37: 일반 | D37: 음악↔미술 | E37: 3 | F37: 3 | G37: 3 | H37: 3 | M37: =SUM(G37:L40) -> 10 | O37: 성취도 3단계
C38: 일반 | E38: 3 | F38: 3 | O38: 성취도 3단계
C39: 진로 | D39: 음악 연주와 창작↔미술 창작 | E39: 3 | F39: 2 | K39: 2 | L39: 2 | O39: 성취도 3단계
C40: 진로 | E40: 3 | F40: 2 | O40: 성취도 3단계
B41: 정보 | C41: 일반 | D41: 정보 | E41: 4 | F41: =SUM(G41:L41) -> 3 | G41: 3 | M41: =SUM(G41:L42) -> 6 | O41: 성취도 5단계+석차등급O
C42: 진로 | D42: 인공지능 기초 | E42: 4 | F42: =SUM(G42:L42) -> 3 | H42: 3 | O42: 성취도 5단계+석차등급O
A43: 학교 지정 과목 교과 편성 학점 | G43: =SUM(G5:G42) -> 29 | H43: =SUM(H5:H42) -> 29 | I43: =SUM(I5:I42) -> 14 | J43: =SUM(J5:J42) -> 14 | K43: =SUM(K5:K42) -> 15 | L43: =SUM(L5:L42) -> 15 | M43: =SUM(G43:L43) -> 116
A44: 선택군A | B44: 사회 | C44: 일반 | D44: 사회와 문화 | E44: 4 | F44: =IF(SUM(G44:L44)<>0,SUM(G44:L44),F43) -> 3 | I44: 3 | M44: =SUM(G44:L52) -> 12 | O44: 성취도 5단계+석차등급O
C45: 일반 | D45: 세계사 | E45: 4 | F45: =IF(SUM(G45:L45)<>0,SUM(G45:L45),F44) -> 3 | I45: 3 | O45: 성취도 5단계+석차등급O
C46: 일반 | D46: 세계시민과 지리 | E46: 4 | F46: =IF(SUM(G46:L46)<>0,SUM(G46:L46),F45) -> 3 | I46: 3 | O46: 성취도 5단계+석차등급O
C47: 일반 | D47: 현대사회와 윤리 | E47: 4 | F47: =IF(SUM(G47:L47)<>0,SUM(G47:L47),F46) -> 3 | I47: 3 | O47: 성취도 5단계+석차등급O
C48: 진로 | D48: 경제 | E48: 4 | F48: =IF(SUM(G48:L48)<>0,SUM(G48:L48),F47) -> 3 | O48: 성취도 5단계+석차등급O
B49: 과학 | C49: 일반 | D49: 물리학 | E49: 4 | F49: =IF(SUM(G49:L49)<>0,SUM(G49:L49),F48) -> 3 | O49: 성취도 5단계+석차등급O
C50: 일반 | D50: 화학 | E50: 4 | F50: =IF(SUM(G50:L50)<>0,SUM(G50:L50),F49) -> 3 | O50: 성취도 5단계+석차등급O
C51: 일반 | D51: 생명과학 | E51: 4 | F51: =IF(SUM(G51:L51)<>0,SUM(G51:L51),F50) -> 3 | O51: 성취도 5단계+석차등급O
C52: 일반 | D52: 지구과학 | E52: 4 | F52: =IF(SUM(G52:L52)<>0,SUM(G52:L52),F51) -> 3 | O52: 성취도 5단계+석차등급O
A53: 선택군B | B53: 수학 | C53: 진로 | D53: 기하 | E53: 4 | F53: =IF(SUM(G53:L53)<>0,SUM(G53:L53),F52) -> 3 | J53: 3 | M53: =SUM(G53:L62) -> 12 | O53: 성취도 5단계+석차등급O
B54: 사회 | C54: 진로 | D54: 법과 사회 | E54: 4 | F54: =IF(SUM(G54:L54)<>0,SUM(G54:L54),F53) -> 3 | J54: 3 | O54: 성취도 5단계+석차등급O
C55: 진로 | D55: 한국지리 탐구 | E55: 4 | F55: =IF(SUM(G55:L55)<>0,SUM(G55:L55),F54) -> 3 | J55: 3 | O55: 성취도 5단계+석차등급O
C56: 진로 | D56: 윤리와 사상 | E56: 4 | F56: =IF(SUM(G56:L56)<>0,SUM(G56:L56),F55) -> 3 | J56: 3 | O56: 성취도 5단계+석차등급O
C57: 진로 | D57: 동아시아 역사 기행 | E57: 4 | F57: =IF(SUM(G57:L57)<>0,SUM(G57:L57),F56) -> 3 | O57: 성취도 5단계+석차등급O
B58: 과학 | C58: 진로 | D58: 과학과제 연구 | E58: 4 | F58: =IF(SUM(G58:L58)<>0,SUM(G58:L58),F57) -> 3 | O58: 성취도 5단계+석차등급O
C59: 진로 | D59: 전자기와 양자 | E59: 4 | F59: =IF(SUM(G59:L59)<>0,SUM(G59:L59),F58) -> 3 | O59: 성취도 5단계+석차등급O
C60: 진로 | D60: 물질과 에너지 | E60: 4 | F60: =IF(SUM(G60:L60)<>0,SUM(G60:L60),F59) -> 3 | O60: 성취도 5단계+석차등급O
C61: 진로 | D61: 세포와 물질대사 | E61: 4 | F61: =IF(SUM(G61:L61)<>0,SUM(G61:L61),F60) -> 3 | O61: 성취도 5단계+석차등급O
C62: 진로 | D62: 행성우주과학 | E62: 4 | F62: =IF(SUM(G62:L62)<>0,SUM(G62:L62),F61) -> 3 | O62: 성취도 5단계+석차등급O
A63: 선택군C | B63: 제2외국어 | C63: 일반 | D63: 일본어 | E63: 4 | F63: =IF(SUM(G63:L63)<>0,SUM(G63:L63),F62) -> 3 | I63: 3 | M63: =SUM(G63:L64) -> 3 | O63: 성취도 5단계+석차등급O
C64: 일반 | D64: 중국어 | E64: 4 | F64: =IF(SUM(G64:L64)<>0,SUM(G64:L64),F63) -> 3 | O64: 성취도 5단계+석차등급O
A65: 선택군D | B65: 제2외국어 | C65: 진로 | D65: 일본어 회화 | E65: 4 | F65: =IF(SUM(G65:L65)<>0,SUM(G65:L65),F64) -> 3 | J65: 3 | M65: =SUM(G65:L66) -> 3 | O65: 성취도 5단계+석차등급O
C66: 진로 | D66: 중국어 회화 | E66: 4 | F66: =IF(SUM(G66:L66)<>0,SUM(G66:L66),F65) -> 3 | O66: 성취도 5단계+석차등급O
A67: 선택군E | B67: 국어 | C67: 진로 | D67: 문학과 영상 | E67: 4 | F67: =IF(SUM(G67:L67)<>0,SUM(G67:L67),F66) -> 3 | K67: 3 | M67: =SUM(G67:L83) -> 12 | O67: 성취도 5단계+석차등급O
B68: 수학 | C68: 진로 | D68: 미적분Ⅱ | E68: 4 | F68: =IF(SUM(G68:L68)<>0,SUM(G68:L68),F67) -> 3 | K68: 3 | O68: 성취도 5단계+석차등급O
C69: 진로 | D69: 경제 수학 | E69: 4 | F69: =IF(SUM(G69:L69)<>0,SUM(G69:L69),F68) -> 3 | K69: 3 | O69: 성취도 5단계+석차등급O
B70: 영어 | C70: 융합 | D70: 세계 문화와 영어 | E70: 4 | F70: =IF(SUM(G70:L70)<>0,SUM(G70:L70),F69) -> 3 | K70: 3 | O70: 성취도 5단계+석차등급O
B71: 사회 | C71: 진로 | D71: 정치 | E71: 4 | F71: =IF(SUM(G71:L71)<>0,SUM(G71:L71),F70) -> 3 | O71: 성취도 5단계+석차등급O
C72: 진로 | D72: 국제 관계의 이해 | E72: 4 | F72: =IF(SUM(G72:L72)<>0,SUM(G72:L72),F71) -> 3 | O72: 성취도 5단계+석차등급O
C73: 진로 | D73: 도시의 미래 탐구 | E73: 4 | F73: =IF(SUM(G73:L73)<>0,SUM(G73:L73),F72) -> 3 | O73: 성취도 5단계+석차등급O
C74: 진로 | D74: 인문학과 윤리 | E74: 4 | F74: =IF(SUM(G74:L74)<>0,SUM(G74:L74),F73) -> 3 | O74: 성취도 5단계+석차등급O
C75: 융합 | D75: 역사로 탐구하는 현대 세계 | E75: 4 | F75: =IF(SUM(G75:L75)<>0,SUM(G75:L75),F74) -> 3 | O75: 성취도 5단계+석차등급X
B76: 과학 | C76: 진로 | D76: 역학과 에너지 | E76: 4 | F76: =IF(SUM(G76:L76)<>0,SUM(G76:L76),F75) -> 3 | O76: 성취도 5단계+석차등급O
C77: 진로 | D77: 화학 반응의 세계 | E77: 4 | F77: =IF(SUM(G77:L77)<>0,SUM(G77:L77),F76) -> 3 | O77: 성취도 5단계+석차등급O
C78: 진로 | D78: 지구시스템과학 | E78: 4 | F78: =IF(SUM(G78:L78)<>0,SUM(G78:L78),F77) -> 3 | O78: 성취도 5단계+석차등급O
C79: 진로 | D79: 생물의 유전 | E79: 4 | F79: =IF(SUM(G79:L79)<>0,SUM(G79:L79),F78) -> 3 | O79: 성취도 5단계+석차등급O
C80: 진로 | D80: 고급 화학 | E80: 4 | F80: =IF(SUM(G80:L80)<>0,SUM(G80:L80),F79) -> 3 | O80: 성취도 5단계+석차등급O
C81: 진로 | D81: 고급 생명과학 | E81: 4 | F81: =IF(SUM(G81:L81)<>0,SUM(G81:L81),F80) -> 3 | O81: 성취도 5단계+석차등급O
B82: 제2외국어 | C82: 융합 | D82: 일본 문화 | E82: 4 | F82: =IF(SUM(G82:L82)<>0,SUM(G82:L82),F81) -> 3 | O82: 성취도 5단계+석차등급O
C83: 융합 | D83: 중국 문화 | E83: 4 | F83: =IF(SUM(G83:L83)<>0,SUM(G83:L83),F82) -> 3 | O83: 성취도 5단계+석차등급O
A84: 선택군F | B84: 국어 | C84: 융합 | D84: 독서 토론과 글쓰기 | E84: 4 | F84: =IF(SUM(G84:L84)<>0,SUM(G84:L84),F83) -> 3 | L84: 3 | M84: 12 | O84: 성취도 5단계+석차등급O
B85: 수학 | C85: 융합 | D85: 수학과제 탐구 | E85: 4 | F85: =IF(SUM(G85:L85)<>0,SUM(G85:L85),F84) -> 3 | L85: 3 | O85: 성취도 5단계+석차등급O
B86: 영어 | C86: 융합 | D86: 미디어 영어 | E86: 4 | F86: =IF(SUM(G86:L86)<>0,SUM(G86:L86),F85) -> 3 | L86: 3 | O86: 성취도 5단계+석차등급O
B87: 사회 | C87: 융합 | D87: 기후변화와 지속가능한 세계 | E87: 4 | F87: =IF(SUM(G87:L87)<>0,SUM(G87:L87),F86) -> 3 | L87: 3 | O87: 성취도 5단계+석차등급X
C88: 융합 | D88: 금융과 경제생활 | E88: 4 | F88: =IF(SUM(G88:L88)<>0,SUM(G88:L88),F87) -> 3 | O88: 성취도 5단계+석차등급X
C89: 융합 | D89: 사회문제 탐구 | E89: 4 | F89: =IF(SUM(G89:L89)<>0,SUM(G89:L89),F88) -> 3 | O89: 성취도 5단계+석차등급X
C90: 융합 | D90: 여행지리 | E90: 4 | F90: =IF(SUM(G90:L90)<>0,SUM(G90:L90),F89) -> 3 | O90: 성취도 5단계+석차등급X
C91: 융합 | D91: 윤리문제 탐구 | E91: 4 | F91: =IF(SUM(G91:L91)<>0,SUM(G91:L91),F90) -> 3 | O91: 성취도 5단계+석차등급X
B92: 과학 | C92: 진로 | D92: 역학과 에너지 | E92: 4 | F92: =IF(SUM(G92:L92)<>0,SUM(G92:L92),F91) -> 3 | O92: 성취도 5단계+석차등급O
C93: 진로 | D93: 화학 반응의 세계 | E93: 4 | F93: =IF(SUM(G93:L93)<>0,SUM(G93:L93),F92) -> 3 | O93: 성취도 5단계+석차등급O
C94: 진로 | D94: 지구시스템과학 | E94: 4 | F94: =IF(SUM(G94:L94)<>0,SUM(G94:L94),F93) -> 3 | O94: 성취도 5단계+석차등급O
C95: 진로 | D95: 생물의 유전 | E95: 4 | F95: =IF(SUM(G95:L95)<>0,SUM(G95:L95),F94) -> 3 | O95: 성취도 5단계+석차등급O
C96: 융합 | D96: 기후변화와 환경생태 | E96: 4 | F96: =IF(SUM(G96:L96)<>0,SUM(G96:L96),F95) -> 3 | O96: 성취도 5단계+석차등급X
C97: 융합 | D97: 융합과학 탐구 | E97: 4 | F97: =IF(SUM(G97:L97)<>0,SUM(G97:L97),F96) -> 3 | O97: 성취도 5단계+석차등급X
B98: 제2외국어 | C98: 진로 | D98: 심화 일본어 | E98: 4 | F98: =IF(SUM(G98:L98)<>0,SUM(G98:L98),F97) -> 3 | O98: 성취도 5단계+석차등급O
C99: 진로 | D99: 심화 중국어 | E99: 4 | F99: =IF(SUM(G99:L99)<>0,SUM(G99:L99),F98) -> 3 | O99: 성취도 5단계+석차등급O
A100: 선택군G | B100: 교양 | C100: 일반 | D100: 생태와 환경 | E100: 3 | F100: 2 | K100: 2 | L100: 2 | M100: =SUM(G100:L103) -> 4 | O100: 이수/미이수
...

Sheet (2022)보통교과 목록
B1: 2022 개정 교육과정 고등학교 보통교과 교과목 목록
F3: =SUBTOTAL(3,F5:F298) -> 290
B4: 연번 | C4: 계열 | D4: 교과(군) | E4: 구분 | F4: 과목명 | G4: 기본 학점 | H4: 학점 범위 | I4: 성적 처리 유형 | J4: 2028 수능 과목 여부 | K4: 비고
B5: 1 | D5: 국어 | E5: 공통 과목 | F5: 공통국어1 | G5: 4학점 | H5: 3~4 | I5: 성취도 5단계+석차 5등급
B6: 2 | D6: 국어 | E6: 공통 과목 | F6: 공통국어2 | G6: 4학점 | H6: 3~4 | I6: 성취도 5단계+석차 5등급
B7: 3 | D7: 국어 | E7: 일반 선택 과목 | F7: 화법과 언어 | G7: 4학점 | H7: 3~5 | I7: 성취도 5단계+석차 5등급 | J7: 국어영역 출제과목
B8: 4 | D8: 국어 | E8: 일반 선택 과목 | F8: 독서와 작문 | G8: 4학점 | H8: 3~5 | I8: 성취도 5단계+석차 5등급 | J8: 국어영역 출제과목
B9: 5 | D9: 국어 | E9: 일반 선택 과목 | F9: 문학 | G9: 4학점 | H9: 3~5 | I9: 성취도 5단계+석차 5등급 | J9: 국어영역 출제과목
B10: 6 | D10: 국어 | E10: 진로 선택 과목 | F10: 주제 탐구 독서 | G10: 4학점 | H10: 3~5 | I10: 성취도 5단계+석차 5등급
B11: 7 | D11: 국어 | E11: 진로 선택 과목 | F11: 문학과 영상 | G11: 4학점 | H11: 3~5 | I11: 성취도 5단계+석차 5등급
B12: 8 | D12: 국어 | E12: 진로 선택 과목 | F12: 직무 의사소통 | G12: 4학점 | H12: 3~5 | I12: 성취도 5단계+석차 5등급
B13: 9 | D13: 국어 | E13: 융합 선택 과목 | F13: 독서 토론과 글쓰기 | G13: 4학점 | H13: 3~5 | I13: 성취도 5단계+석차 5등급
B14: 10 | D14: 국어 | E14: 융합 선택 과목 | F14: 매체 의사소통 | G14: 4학점 | H14: 3~5 | I14: 성취도 5단계+석차 5등급
B15: 11 | D15: 국어 | E15: 융합 선택 과목 | F15: 언어생활 탐구 | G15: 4학점 | H15: 3~5 | I15: 성취도 5단계+석차 5등급
B16: 12 | D16: 수학 | E16: 공통 과목 | F16: 공통수학1 | G16: 4학점 | H16: 3~4 | I16: 성취도 5단계+석차 5등급
B17: 13 | D17: 수학 | E17: 공통 과목 | F17: 공통수학2 | G17: 4학점 | H17: 3~4 | I17: 성취도 5단계+석차 5등급
B18: 14 | D18: 수학 | E18: 공통 과목 | F18: 기본수학1 | G18: 4학점 | H18: 3~4 | I18: 성취도 5단계+석차 5등급
B19: 15 | D19: 수학 | E19: 공통 과목 | F19: 기본수학2 | G19: 4학점 | H19: 3~4 | I19: 성취도 5단계+석차 5등급
B20: 16 | D20: 수학 | E20: 일반 선택 과목 | F20: 대수 | G20: 4학점 | H20: 3~5 | I20: 성취도 5단계+석차 5등급 | J20: 수학영역 출제과목
B21: 17 | D21: 수학 | E21: 일반 선택 과목 | F21: 미적분Ⅰ | G21: 4학점 | H21: 3~5 | I21: 성취도 5단계+석차 5등급 | J21: 수학영역 출제과목 | K21: 과목 위계에 주의
B22: 18 | D22: 수학 | E22: 일반 선택 과목 | F22: 확률과 통계 | G22: 4학점 | H22: 3~5 | I22: 성취도 5단계+석차 5등급 | J22: 수학영역 출제과목
B23: 19 | D23: 수학 | E23: 진로 선택 과목 | F23: 기하 | G23: 4학점 | H23: 3~5 | I23: 성취도 5단계+석차 5등급
B24: 20 | D24: 수학 | E24: 진로 선택 과목 | F24: 미적분Ⅱ | G24: 4학점 | H24: 3~5 | I24: 성취도 5단계+석차 5등급 | K24: 과목 위계에 주의
B25: 21 | D25: 수학 | E25: 진로 선택 과목 | F25: 경제 수학 | G25: 4학점 | H25: 3~5 | I25: 성취도 5단계+석차 5등급
B26: 22 | D26: 수학 | E26: 진로 선택 과목 | F26: 인공지능 수학 | G26: 4학점 | H26: 3~5 | I26: 성취도 5단계+석차 5등급
B27: 23 | D27: 수학 | E27: 진로 선택 과목 | F27: 직무 수학 | G27: 4학점 | H27: 3~5 | I27: 성취도 5단계+석차 5등급
B28: 24 | D28: 수학 | E28: 융합 선택 과목 | F28: 수학과 문화 | G28: 4학점 | H28: 3~5 | I28: 성취도 5단계+석차 5등급
B29: 25 | D29: 수학 | E29: 융합 선택 과목 | F29: 실용 통계 | G29: 4학점 | H29: 3~5 | I29: 성취도 5단계+석차 5등급
B30: 26 | D30: 수학 | E30: 융합 선택 과목 | F30: 수학과제 탐구 | G30: 4학점 | H30: 3~5 | I30: 성취도 5단계+석차 5등급
B31: 27 | D31: 영어 | E31: 공통 과목 | F31: 공통영어1 | G31: 4학점 | H31: 3~4 | I31: 성취도 5단계+석차 5등급
B32: 28 | D32: 영어 | E32: 공통 과목 | F32: 공통영어2 | G32: 4학점 | H32: 3~4 | I32: 성취도 5단계+석차 5등급
B33: 29 | D33: 영어 | E33: 공통 과목 | F33: 기본영어1 | G33: 4학점 | H33: 3~4 | I33: 성취도 5단계+석차 5등급
B34: 30 | D34: 영어 | E34: 공통 과목 | F34: 기본영어2 | G34: 4학점 | H34: 3~4 | I34: 성취도 5단계+석차 5등급
B35: 31 | D35: 영어 | E35: 일반 선택 과목 | F35: 영어Ⅰ | G35: 4학점 | H35: 3~5 | I35: 성취도 5단계+석차 5등급 | J35: 영어영역 출제과목 | K35: 과목 위계에 주의
B36: 32 | D36: 영어 | E36: 일반 선택 과목 | F36: 영어Ⅱ | G36: 4학점 | H36: 3~5 | I36: 성취도 5단계+석차 5등급 | J36: 영어영역 출제과목 | K36: 과목 위계에 주의
B37: 33 | D37: 영어 | E37: 일반 선택 과목 | F37: 영어 독해와 작문 | G37: 4학점 | H37: 3~5 | I37: 성취도 5단계+석차 5등급
B38: 34 | D38: 영어 | E38: 진로 선택 과목 | F38: 영미 문학 읽기 | G38: 4학점 | H38: 3~5 | I38: 성취도 5단계+석차 5등급
B39: 35 | D39: 영어 | E39: 진로 선택 과목 | F39: 영어 발표와 토론 | G39: 4학점 | H39: 3~5 | I39: 성취도 5단계+석차 5등급
B40: 36 | D40: 영어 | E40: 진로 선택 과목 | F40: 심화 영어 | G40: 4학점 | H40: 3~5 | I40: 성취도 5단계+석차 5등급
B41: 37 | D41: 영어 | E41: 진로 선택 과목 | F41: 심화 영어 독해와 작문 | G41: 4학점 | H41: 3~5 | I41: 성취도 5단계+석차 5등급
B42: 38 | D42: 영어 | E42: 진로 선택 과목 | F42: 직무 영어 | G42: 4학점 | H42: 3~5 | I42: 성취도 5단계+석차 5등급
B43: 39 | D43: 영어 | E43: 융합 선택 과목 | F43: 실생활 영어 회화 | G43: 4학점 | H43: 3~5 | I43: 성취도 5단계+석차 5등급
B44: 40 | D44: 영어 | E44: 융합 선택 과목 | F44: 미디어 영어 | G44: 4학점 | H44: 3~5 | I44: 성취도 5단계+석차 5등급
B45: 41 | D45: 영어 | E45: 융합 선택 과목 | F45: 세계 문화와 영어 | G45: 4학점 | H45: 3~5 | I45: 성취도 5단계+석차 5등급
B46: 42 | D46: 사회(역사/도덕 포함) | E46: 공통 과목 | F46: 한국사1 | G46: 3학점 | H46: 3 | I46: 성취도 5단계+석차 5등급 | J46: 한국사영역 출제과목
B47: 43 | D47: 사회(역사/도덕 포함) | E47: 공통 과목 | F47: 한국사2 | G47: 3학점 | H47: 3 | I47: 성취도 5단계+석차 5등급 | J47: 한국사영역 출제과목
B48: 44 | D48: 사회(역사/도덕 포함) | E48: 공통 과목 | F48: 통합사회1 | G48: 4학점 | H48: 3~4 | I48: 성취도 5단계+석차 5등급 | J48: 탐구영역(사회/과학) 출제과목
B49: 45 | D49: 사회(역사/도덕 포함) | E49: 공통 과목 | F49: 통합사회2 | G49: 4학점 | H49: 3~4 | I49: 성취도 5단계+석차 5등급 | J49: 탐구영역(사회/과학) 출제과목
B50: 46 | D50: 사회(역사/도덕 포함) | E50: 일반 선택 과목 | F50: 세계시민과 지리 | G50: 4학점 | H50: 3~5 | I50: 성취도 5단계+석차 5등급
B51: 47 | D51: 사회(역사/도덕 포함) | E51: 일반 선택 과목 | F51: 세계사 | G51: 4학점 | H51: 3~5 | I51: 성취도 5단계+석차 5등급
B52: 48 | D52: 사회(역사/도덕 포함) | E52: 일반 선택 과목 | F52: 사회와 문화 | G52: 4학점 | H52: 3~5 | I52: 성취도 5단계+석차 5등급
B53: 49 | D53: 사회(역사/도덕 포함) | E53: 일반 선택 과목 | F53: 현대사회와 윤리 | G53: 4학점 | H53: 3~5 | I53: 성취도 5단계+석차 5등급
B54: 50 | D54: 사회(역사/도덕 포함) | E54: 진로 선택 과목 | F54: 한국지리 탐구 | G54: 4학점 | H54: 3~5 | I54: 성취도 5단계+석차 5등급
B55: 51 | D55: 사회(역사/도덕 포함) | E55: 진로 선택 과목 | F55: 도시의 미래 탐구 | G55: 4학점 | H55: 3~5 | I55: 성취도 5단계+석차 5등급
B56: 52 | D56: 사회(역사/도덕 포함) | E56: 진로 선택 과목 | F56: 동아시아 역사 기행 | G56: 4학점 | H56: 3~5 | I56: 성취도 5단계+석차 5등급
B57: 53 | D57: 사회(역사/도덕 포함) | E57: 진로 선택 과목 | F57: 정치 | G57: 4학점 | H57: 3~5 | I57: 성취도 5단계+석차 5등급
B58: 54 | D58: 사회(역사/도덕 포함) | E58: 진로 선택 과목 | F58: 법과 사회 | G58: 4학점 | H58: 3~5 | I58: 성취도 5단계+석차 5등급
B59: 55 | D59: 사회(역사/도덕 포함) | E59: 진로 선택 과목 | F59: 경제 | G59: 4학점 | H59: 3~5 | I59: 성취도 5단계+석차 5등급
B60: 56 | D60: 사회(역사/도덕 포함) | E60: 진로 선택 과목 | F60: 윤리와 사상 | G60: 4학점 | H60: 3~5 | I60: 성취도 5단계+석차 5등급
B61: 57 | D61: 사회(역사/도덕 포함) | E61: 진로 선택 과목 | F61: 인문학과 윤리 | G61: 4학점 | H61: 3~5 | I61: 성취도 5단계+석차 5등급
... B68: 64 | D68: 사회(역사/도덕 포함) | E68: 융합 선택 과목 | F68: 기후변화와 지속가능한 세계 | G68: 4학점 | H68: 3~5 | I68: 성취도 5단계+석차등급X
B69: 65 | D69: 과학 | E69: 공통 과목 | F69: 통합과학1 | G69: 4학점 | H69: 3~4 | I69: 성취도 5단계+석차 5등급 | J69: 탐구영역(사회/과학) 출제과목
B70: 66 | D70: 과학 | E70: 공통 과목 | F70: 통합과학2 | G70: 4학점 | H70: 3~4 | I70: 성취도 5단계+석차 5등급 | J70: 탐구영역(사회/과학) 출제과목
B71: 67 | D71: 과학 | E71: 공통 과목 | F71: 과학탐구실험1 | G71: 1학점 | H71: 1 | I71: 성취도 3단계
B72: 68 | D72: 과학 | E72: 공통 과목 | F72: 과학탐구실험2 | G72: 1학점 | H72: 1 | I72: 성취도 3단계
B73: 69 | D73: 과학 | E73: 일반 선택 과목 | F73: 물리학 | G73: 4학점 | H73: 3~5 | I73: 성취도 5단계+석차 5등급
B74: 70 | D74: 과학 | E74: 일반 선택 과목 | F74: 화학 | G74: 4학점 | H74: 3~5 | I74: 성취도 5단계+석차 5등급
B75: 71 | D75: 과학 | E75: 일반 선택 과목 | F75: 생명과학 | G75: 4학점 | H75: 3~5 | I75: 성취도 5단계+석차 5등급
B76: 72 | D76: 과학 | E76: 일반 선택 과목 | F76: 지구과학 | G76: 4학점 | H76: 3~5 | I76: 성취도 5단계+석차 5등급
B77: 73 | D77: 과학 | E77: 진로 선택 과목 | F77: 역학과 에너지 | G77: 4학점 | H77: 3~5 | I77: 성취도 5단계+석차 5등급
B78: 74 | D78: 과학 | E78: 진로 선택 과목 | F78: 전자기와 양자 | G78: 4학점 | H78: 3~5 | I78: 성취도 5단계+석차 5등급
B79: 75 | D79: 과학 | E79: 진로 선택 과목 | F79: 물질과 에너지 | G79: 4학점 | H79: 3~5 | I79: 성취도 5단계+석차 5등급
B80: 76 | D80: 과학 | E80: 진로 선택 과목 | F80: 화학 반응의 세계 | G80: 4학점 | H80: 3~5 | I80: 성취도 5단계+석차 5등급
B81: 77 | D81: 과학 | E81: 진로 선택 과목 | F81: 세포와 물질대사 | G81: 4학점 | H81: 3~5 | I81: 성취도 5단계+석차 5등급
B82: 78 | D82: 과학 | E82: 진로 선택 과목 | F82: 생물의 유전 | G82: 4학점 | H82: 3~5 | I82: 성취도 5단계+석차 5등급
B83: 79 | D83: 과학 | E83: 진로 선택 과목 | F83: 지구시스템과학 | G83: 4학점 | H83: 3~5 | I83: 성취도 5단계+석차 5등급
B84: 80 | D84: 과학 | E84: 진로 선택 과목 | F84: 행성우주과학 | G84: 4학점 | H84: 3~5 | I84: 성취도 5단계+석차 5등급
... B114: 110 | D114: 정보 | E114: 융합 선택 과목 | F114: 소프트웨어와 생활 | G114: 4학점 | H114: 3~5 | I114: 성취도 5단계+석차 5등급
B115: 111 | D115: 제2외국어 | E115: 일반 선택 과목 | F115: 독일어 | G115: 4학점 | H115: 3~5 | I115: 성취도 5단계+석차 5등급 | J115: 제2외국어영역 선택과목
B116: 112 | D116: 제2외국어 | E116: 일반 선택 과목 | F116: 프랑스어 | G116: 4학점 | H116: 3~5 | I116: 성취도 5단계+석차 5등급 | J116: 제2외국어영역 선택과목
B117: 113 | D117: 제2외국어 | E117: 일반 선택 과목 | F117: 스페인어 | G117: 4학점 | H117: 3~5 | I117: 성취도 5단계+석차 5등급 | J117: 제2외국어영역 선택과목
B118: 114 | D118: 제2외국어 | E118: 일반 선택 과목 | F118: 중국어 | G118: 4학점 | H118: 3~5 | I118: 성취도 5단계+석차 5등급 | J118: 제2외국어영역 선택과목
B119: 115 | D119: 제2외국어 | E119: 일반 선택 과목 | F119: 일본어 | G119: 4학점 | H119: 3~5 | I119: 성취도 5단계+석차 5등급 | J119: 제2외국어영역 선택과목
B120: 116 | D120: 제2외국어 | E120: 일반 선택 과목 | F120: 러시아어 | G120: 4학점 | H120: 3~5 | I120: 성취도 5단계+석차 5등급 | J120: 제2외국어영역 선택과목
B121: 117 | D121: 제2외국어 | E121: 일반 선택 과목 | F121: 아랍어 | G121: 4학점 | H121: 3~5 | I121: 성취도 5단계+석차 5등급 | J121: 제2외국어영역 선택과목
B122: 118 | D122: 제2외국어 | E122: 일반 선택 과목 | F122: 베트남어 | G122: 4학점 | H122: 3~5 | I122: 성취도 5단계+석차 5등급 | J122: 제2외국어영역 선택과목
B123: 119 | D123: 제2외국어 | E123: 진로 선택 과목 | F123: 독일어 회화 | G123: 4학점 | H123: 3~5 | I123: 성취도 5단계+석차 5등급
B124: 120 | D124: 제2외국어 | E124: 진로 선택 과목 | F124: 프랑스어 회화 | G124: 4학점 | H124: 3~5 | I124: 성취도 5단계+석차 5등급
B125: 121 | D125: 제2외국어 | E125: 진로 선택 과목 | F125: 스페인어 회화 | G125: 4학점 | H125: 3~5 | I125: 성취도 5단계+석차 5등급
B126: 122 | D126: 제2외국어 | E126: 진로 선택 과목 | F126: 중국어 회화 | G126: 4학점 | H126: 3~5 | I126: 성취도 5단계+석차 5등급
B127: 123 | D127: 제2외국어 | E127: 진로 선택 과목 | F127: 일본어 회화 | G127: 4학점 | H127: 3~5 | I127: 성취도 5단계+석차 5등급
B128: 124 | D128: 제2외국어 | E128: 진로 선택 과목 | F128: 러시아어 회화 | G128: 4학점 | H128: 3~5 | I128: 성취도 5단계+석차 5등급
B129: 125 | D129: 제2외국어 | E129: 진로 선택 과목 | F129: 아랍어 회화 | G129: 4학점 | H129: 3~5 | I129: 성취도 5단계+석차 5등급
B130: 126 | D130: 제2외국어 | E130: 진로 선택 과목 | F130: 베트남어 회화 | G130: 4학점 | H130: 3~5 | I130: 성취도 5단계+석차 5등급
B131: 127 | D131: 제2외국어 | E131: 진로 선택 과목 | F131: 심화 독일어 | G131: 4학점 | H131: 3~5 | I131: 성취도 5단계+석차 5등급 | K131: 외국어·국제 계열 고등학교 전공 관련 선택 과목으로 편성 가능
B132: 128 | D132: 제2외국어 | E132: 진로 선택 과목 | F132: 심화 프랑스어 | G132: 4학점 | H132: 3~5 | I132: 성취도 5단계+석차 5등급 | K132: 외국어·국제 계열 고등학교 전공 관련 선택 과목으로 편성 가능
B133: 129 | D133: 제2외국어 | E133: 진로 선택 과목 | F133: 심화 스페인어 | G133: 4학점 | H133: 3~5 | I133: 성취도 5단계+석차 5등급 | K133: 외국어·국제 계열 고등학교 전공 관련 선택 과목으로 편성 가능
B134: 130 | D134: 제2외국어 | E134: 진로 선택 과목 | F134: 심화 중국어 | G134: 4학점 | H134: 3~5 | I134: 성취도 5단계+석차 5등급 | K134: 외국어·국제 계열 고등학교 전공 관련 선택 과목으로 편성 가능
B135: 131 | D135: 제2외국어 | E135: 진로 선택 과목 | F135: 심화 일본어 | G135: 4학점 | H135: 3~5 | I135: 성취도 5단계+석차 5등급 | K135: 외국어·국제 계열 고등학교 전공 관련 선택 과목으로 편성 가능
B136: 132 | D136: 제2외국어 | E136: 진로 선택 과목 | F136: 심화 러시아어 | G136: 4학점 | H136: 3~5 | I136: 성취도 5단계+석차 5등급 | K136: 외국어·국제 계열 고등학교 전공 관련 선택 과목으로 편성 가능
...

Sheet 숨김
B1: =SUBTOTAL(3,B3:B298) -> 290
A2: 교과군 | B2: 과목명 | C2: 유형 | D2: 기본학점 | E2: 성적 처리 유형 | F2: 편성 최소 학점 | G2: 편성 최대 학점 | H2: 편성 학점 범위 | I2: 비고
A3: 국어 | B3: 공통국어1 | C3: 공통 | D3: 4 | E3: 성취도 5단계+석차등급O | F3: 3 | G3: 4 | H3: 3~4
A4: 국어 | B4: 공통국어2 | C4: 공통 | D4: 4 | E4: 성취도 5단계+석차등급O | F4: 3 | G4: 4 | H4: 3~4
A5: 국어 | B5: 화법과 언어 | C5: 일반 | D5: 4 | E5: 성취도 5단계+석차등급O | F5: 3 | G5: 5 | H5: 3~5
A6: 국어 | B6: 독서와 작문 | C6: 일반 | D6: 4 | E6: 성취도 5단계+석차등급O | F6: 3 | G6: 5 | H6: 3~5
A7: 국어 | B7: 문학 | C7: 일반 | D7: 4 | E7: 성취도 5단계+석차등급O | F7: 3 | G7: 5 | H7: 3~5
A8: 국어 | B8: 주제 탐구 독서 | C8: 진로 | D8: 4 | E8: 성취도 5단계+석차등급O | F8: 3 | G8: 5 | H8: 3~5
A9: 국어 | B9: 문학과 영상 | C9: 진로 | D9: 4 | E9: 성취도 5단계+석차등급O | F9: 3 | G9: 5 | H9: 3~5
A10: 국어 | B10: 직무 의사소통 | C10: 진로 | D10: 4 | E10: 성취도 5단계+석차등급O | F10: 3 | G10: 5 | H10: 3~5
A11: 국어 | B11: 독서 토론과 글쓰기 | C11: 융합 | D11: 4 | E11: 성취도 5단계+석차등급O | F11: 3 | G11: 5 | H11: 3~5
A12: 국어 | B12: 매체 의사소통 | C12: 융합 | D12: 4 | E12: 성취도 5단계+석차등급O | F12: 3 | G12: 5 | H12: 3~5
A13: 국어 | B13: 언어생활 탐구 | C13: 융합 | D13: 4 | E13: 성취도 5단계+석차등급O | F13: 3 | G13: 5 | H13: 3~5
A14: 수학 | B14: 공통수학1 | C14: 공통 | D14: 4 | E14: 성취도 5단계+석차등급O | F14: 3 | G14: 4 | H14: 3~4
... A43: 영어 | B43: 세계 문화와 영어 | C43: 융합 | D43: 4 | E43: 성취도 5단계+석차등급O | F43: 3 | G43: 5 | H43: 3~5
A44: 사회 | B44: 한국사1 | C44: 공통 | D44: 3 | E44: 성취도 5단계+석차등급O | F44: 3 | G44: 3 | H44: 3
A45: 사회 | B45: 한국사2 | C45: 공통 | D45: 3 | E45: 성취도 5단계+석차등급O | F45: 3 | G45: 3 | H45: 3
A46: 사회 | B46: 통합사회1 | C46: 공통 | D46: 4 | E46: 성취도 5단계+석차등급O | F46: 3 | G46: 4 | H46: 3~4
A47: 사회 | B47: 통합사회2 | C47: 공통 | D47: 4 | E47: 성취도 5단계+석차등급O | F47: 3 | G47: 4 | H47: 3~4
A48: 사회 | B48: 세계시민과 지리 | C48: 일반 | D48: 4 | E48: 성취도 5단계+석차등급O | F48: 3 | G48: 5 | H48: 3~5
A49: 사회 | B49: 세계사 | C49: 일반 | D49: 4 | E49: 성취도 5단계+석차등급O | F49: 3 | G49: 5 | H49: 3~5
A50: 사회 | B50: 사회와 문화 | C50: 일반 | D50: 4 | E50: 성취도 5단계+석차등급O | F50: 3 | G50: 5 | H50: 3~5
A51: 사회 | B51: 현대사회와 윤리 | C51: 일반 | D51: 4 | E51: 성취도 5단계+석차등급O | F51: 3 | G51: 5 | H51: 3~5
A52: 사회 | B52: 한국지리 탐구 | C52: 진로 | D52: 4 | E52: 성취도 5단계+석차등급O | F52: 3 | G52: 5 | H52: 3~5
A53: 사회 | B53: 도시의 미래 탐구 | C53: 진로 | D53: 4 | E53: 성취도 5단계+석차등급O | F53: 3 | G53: 5 | H53: 3~5
A54: 사회 | B54: 동아시아 역사 기행 | C54: 진로 | D54: 4 | E54: 성취도 5단계+석차등급O | F54: 3 | G54: 5 | H54: 3~5
A55: 사회 | B55: 정치 | C55: 진로 | D55: 4 | E55: 성취도 5단계+석차등급O | F55: 3 | G55: 5 | H55: 3~5
A56: 사회 | B56: 법과 사회 | C56: 진로 | D56: 4 | E56: 성취도 5단계+석차등급O | F56: 3 | G56: 5 | H56: 3~5
A57: 사회 | B57: 경제 | C57: 진로 | D57: 4 | E57: 성취도 5단계+석차등급O | F57: 3 | G57: 5 | H57: 3~5
... A68: 과학 | B68: 통합과학2 | C68: 공통 | D68: 4 | E68: 성취도 5단계+석차등급O | F68: 3 | G68: 4 | H68: 3~4
A69: 과학 | B69: 과학탐구실험1 | C69: 공통 | D69: 1 | E69: 성취도 3단계 | F69: 1 | G69: 1 | H69: 1
A70: 과학 | B70: 과학탐구실험2 | C70: 공통 | D70: 1 | E70: 성취도 3단계 | F70: 1 | G70: 1 | H70: 1
A71: 과학 | B71: 물리학 | C71: 일반 | D71: 4 | E71: 성취도 5단계+석차등급O | F71: 3 | G71: 5 | H71: 3~5
A72: 과학 | B72: 화학 | C72: 일반 | D72: 4 | E72: 성취도 5단계+석차등급O | F72: 3 | G72: 5 | H72: 3~5
A73: 과학 | B73: 생명과학 | C73: 일반 | D73: 4 | E73: 성취도 5단계+석차등급O | F73: 3 | G73: 5 | H73: 3~5
A74: 과학 | B74: 지구과학 | C74: 일반 | D74: 4 | E74: 성취도 5단계+석차등급O | F74: 3 | G74: 5 | H74: 3~5
A75: 과학 | B75: 역학과 에너지 | C75: 진로 | D75: 4 | E75: 성취도 5단계+석차등급O | F75: 3 | G75: 5 | H75: 3~5
A76: 과학 | B76: 전자기와 양자 | C76: 진로 | D76: 4 | E76: 성취도 5단계+석차등급O | F76: 3 | G76: 5 | H76: 3~5
A77: 과학 | B77: 물질과 에너지 | C77: 진로 | D77: 4 | E77: 성취도 5단계+석차등급O | F77: 3 | G77: 5 | H77: 3~5
A78: 과학 | B78: 화학 반응의 세계 | C78: 진로 | D78: 4 | E78: 성취도 5단계+석차등급O | F78: 3 | G78: 5 | H78: 3~5
A79: 과학 | B79: 세포와 물질대사 | C79: 진로 | D79: 4 | E79: 성취도 5단계+석차등급O | F79: 3 | G79: 5 | H79: 3~5
A80: 과학 | B80: 생물의 유전 | C80: 진로 | D80: 4 | E80: 성취도 5단계+석차등급O | F80: 3 | G80: 5 | H80: 3~5
A81: 과학 | B81: 지구시스템과학 | C81: 진로 | D81: 4 | E81: 성취도 5단계+석차등급O | F81: 3 | G81: 5 | H81: 3~5
A82: 과학 | B82: 행성우주과학 | C82: 진로 | D82: 4 | E82: 성취도 5단계+석차등급O | F82: 3 | G82: 5 | H82: 3~5
... A128: 제2외국어 | B128: 베트남어 회화 | C128: 진로 | D128: 4 | E128: 성취도 5단계+석차등급O | F128: 3 | G128: 5 | H128: 3~5
A129: 제2외국어 | B129: 심화 독일어 | C129: 진로 | D129: 4 | E129: 성취도 5단계+석차등급O | F129: 3 | G129: 5 | H129: 3~5 | I129: 외국어·국제 계열 고등학교 전공 관련 선택 과목으로 편성 가능
A130: 제2외국어 | B130: 심화 프랑스어 | C130: 진로 | D130: 4 | E130: 성취도 5단계+석차등급O | F130: 3 | G130: 5 | H130: 3~5 | I130: 외국어·국제 계열 고등학교 전공 관련 선택 과목으로 편성 가능
A131: 제2외국어 | B131: 심화 스페인어 | C131: 진로 | D131: 4 | E131: 성취도 5단계+석차등급O | F131: 3 | G131: 5 | H131: 3~5 | I131: 외국어·국제 계열 고등학교 전공 관련 선택 과목으로 편성 가능
A132: 제2외국어 | B132: 심화 중국어 | C132: 진로 | D132: 4 | E132: 성취도 5단계+석차등급O | F132: 3 | G132: 5 | H132: 3~5 | I132: 외국어·국제 계열 고등학교 전공 관련 선택 과목으로 편성 가능
A133: 제2외국어 | B133: 심화 일본어 | C133: 진로 | D133: 4 | E133: 성취도 5단계+석차등급O | F133: 3 | G133: 5 | H133: 3~5 | I133: 외국어·국제 계열 고등학교 전공 관련 선택 과목으로 편성 가능
A134: 제2외국어 | B134: 심화 러시아어 | C134: 진로 | D134: 4 | E134: 성취도 5단계+석차등급O | F134: 3 | G134: 5 | H134: 3~5 | I134: 외국어·국제 계열 고등학교 전공 관련 선택 과목으로 편성 가능
A135: 제2외국어 | B135: 심화 아랍어 | C135: 진로 | D135: 4 | E135: 성취도 5단계+석차등급O | F135: 3 | G135: 5 | H135: 3~5 | I135: 외국어·국제 계열 고등학교 전공 관련 선택 과목으로 편성 가능
A136: 제2외국어 | B136: 심화 베트남어 | C136: 진로 | D136: 4 | E136: 성취도 5단계+석차등급O | F136: 3 | G136: 5 | H136: 3~5 | I136: 외국어·국제 계열 고등학교 전공 관련 선택 과목으로 편성 가능
A137: 제2외국어 | B137: 독일어권 문화 | C137: 융합 | D137: 4 | E137: 성취도 5단계+석차등급O | F137: 3 | G137: 5 | H137: 3~5 | I137: 외국어·국제 계열 고등학교 전공 관련 선택 과목으로 편성 가능
A138: 제2외국어 | B138: 프랑스어권 문화 | C138: 융합 | D138: 4 | E138: 성취도 5단계+석차등급O | F138: 3 | G138: 5 | H138: 3~5 | I138: 외국어·국제 계열 고등학교 전공 관련 선택 과목으로 편성 가능
A139: 제2외국어 | B139: 스페인어권 문화 | C139: 융합 | D139: 4 | E139: 성취도 5단계+석차등급O | F139: 3 | G139: 5 | H139: 3~5 | I139: 외국어·국제 계열 고등학교 전공 관련 선택 과목으로 편성 가능
A140: 제2외국어 | B140: 중국 문화 | C140: 융합 | D140: 4 | E140: 성취도 5단계+석차등급O | F140: 3 | G140: 5 | H140: 3~5 | I140: 외국어·국제 계열 고등학교 전공 관련 선택 과목으로 편성 가능
... A144: 제2외국어 | B144: 베트남 문화 | C144: 융합 | D144: 4 | E144: 성취도 5단계+석차등급O | F144: 3 | G144: 5 | H144: 3~5 | I144: 외국어·국제 계열 고등학교 전공 관련 선택 과목으로 편성 가능
A145: 한문 | B145: 한문 | C145: 일반 | D145: 4 | E145: 성취도 5단계+석차등급O | F145: 3 | G145: 5 | H145: 3~5
A146: 한문 | B146: 한문 고전 읽기 | C146: 진로 | D146: 4 | E146: 성취도 5단계+석차등급O | F146: 3 | G146: 5 | H146: 3~5
A147: 한문 | B147: 언어생활과 한자 | C147: 융합 | D147: 4 | E147: 성취도 5단계+석차등급O | F147: 3 | G147: 5 | H147: 3~5
A148: 교양 | B148: 진로와 직업 | C148: 일반 | D148: 3 | E148: 이수/미이수 | F148: 2 | G148: 4 | H148: 2~4
A149: 교양 | B149: 생태와 환경 | C149: 일반 | D149: 3 | E149: 이수/미이수 | F149: 2 | G149: 4 | H149: 2~4
A150: 교양 | B150: 인간과 철학 | C150: 진로 | D150: 3 | E150: 이수/미이수 | F150: 2 | G150: 4 | H150: 2~4
A151: 교양 | B151: 논리와 사고 | C151: 진로 | D151: 3 | E151: 이수/미이수 | F151: 2 | G151: 4 | H151: 2~4
A152: 교양 | B152: 인간과 심리 | C152: 진로 | D152: 3 | E152: 이수/미이수 | F152: 2 | G152: 4 | H152: 2~4
A153: 교양 | B153: 교육의 이해 | C153: 진로 | D153: 3 | E153: 이수/미이수 | F153: 2 | G153: 4 | H153: 2~4
A154: 교양 | B154: 삶과 종교 | C154: 진로 | D154: 3 | E154: 이수/미이수 | F154: 2 | G154: 4 | H154: 2~4
A155: 교양 | B155: 보건 | C155: 진로 | D155: 3 | E155: 이수/미이수 | F155: 2 | G155: 4 | H155: 2~4
A156: 교양 | B156: 인간과 경제활동 | C156: 융합 | D156: 3 | E156: 이수/미이수 | F156: 2 | G156: 4 | H156: 2~4
A157: 교양 | B157: 논술 | C157: 융합 | D157: 3 | E157: 이수/미이수 | F157: 2 | G157: 4 | H157: 2~4
A158: 수학 | B158: 전문 수학 | C158: 진로 | D158: 4 | E158: 성취도 5단계+석차등급O | F158: 3 | G158: 5 | H158: 3~5 | I158: 과학계열 고등학교 전공 관련 선택 과목
A159: 수학 | B159: 이산 수학 | C159: 진로 | D159: 4 | E159: 성취도 5단계+석차등급O | F159: 3 | G159: 5 | H159: 3~5 | I159: 과학계열 고등학교 전공 관련 선택 과목
A160: 수학 | B160: 고급 기하 | C160: 진로 | D160: 4 | E160: 성취도 5단계+석차등급O | F160: 3 | G160: 5 | H160: 3~5 | I160: 과학계열 고등학교 전공 관련 선택 과목
A161: 수학 | B161: 고급 대수 | C161: 진로 | D161: 4 | E161: 성취도 5단계+석차등급O | F161: 3 | G161: 5 | H161: 3~5 | I161: 과학계열 고등학교 전공 관련 선택 과목
A162: 수학 | B162: 고급 미적분 | C162: 진로 | D162: 4 | E162: 성취도 5단계+석차등급O | F162: 3 | G162: 5 | H162: 3~5 | I162: 과학계열 고등학교 전공 관련 선택 과목
A163: 과학 | B163: 고급 물리학 | C163: 진로 | D163: 4 | E163: 성취도 5단계+석차등급O | F163: 3 | G163: 5 | H163: 3~5 | I163: 과학계열 고등학교 전공 관련 선택 과목
A164: 과학 | B164: 고급 화학 | C164: 진로 | D164: 4 | E164: 성취도 5단계+석차등급O | F164: 3 | G164: 5 | H164: 3~5 | I164: 과학계열 고등학교 전공 관련 선택 과목
A165: 과학 | B165: 고급 생명과학 | C165: 진로 | D165: 4 | E165: 성취도 5단계+석차등급O | F165: 3 | G165: 5 | H165: 3~5 | I165: 과학계열 고등학교 전공 관련 선택 과목
A166: 과학 | B166: 고급 지구과학 | C166: 진로 | D166: 4 | E166: 성취도 5단계+석차등급O | F166: 3 | G166: 5 | H166: 3~5 | I166: 과학계열 고등학교 전공 관련 선택 과목
A167: 과학 | B167: 과학과제 연구 | C167: 진로 | D167: 4 | E167: 성취도 5단계+석차등급O | F167: 3 | G167: 5 | H167: 3~5 | I167: 과학계열 고등학교 전공 관련 선택 과목
A168: 과학 | B168: 물리학 실험 | C168: 융합 | D168: 4 | E168: 성취도 5단계+석차등급O | F168: 3 | G168: 5 | H168: 3~5 | I168: 과학계열 고등학교 전공 관련 선택 과목
A169: 과학 | B169: 화학 실험 | C169: 융합 | D169: 4 | E169: 성취도 5단계+석차등급O | F169: 3 | G169: 5 | H169: 3~5 | I169: 과학계열 고등학교 전공 관련 선택 과목
... A292: 제2외국어 | B292: 베트남어 독해와 작문Ⅱ | C292: 진로 | D292: 4 | E292: 성취도 5단계+석차등급O | F292: 3 | G292: 5 | H292: 3~5 | I292: 외국어·국제 계열 고등학교 전공 관련 선택 과목
